title,slug,subtitle,location,state,region,category,platform,price,rating,reviewCount,sleeps,bedrooms,featured,editorsPick,isNew,imageUrl,affiliateUrl,description
"Hilltop Castle — Private Pocono Estate","hilltop-castle-pocono-pa","Soaring castle with bowling alley, pools, and movie theater","Pocono Mountains, Pennsylvania","Pennsylvania","Northeast",10,"VRBO",1800,4.9,,44,18,false,false,false,"https://media.vrbo.com/lodging/35000000/34450000/34447000/34446936/c9afeeda.jpg","https://www.vrbo.com/7378631ha","Hilltop Castle is an 18-bedroom private castle estate in the Pocono Mountains for groups of up to 44 — with a bowling alley, indoor and outdoor pools, a movie theater, and enough castle to get genuinely lost in. The ultimate group retreat."
"Majestic Secluded Castle — Breathtaking Views","majestic-castle-mount-pocono-pa","Grand castle with mountain panoramas, total seclusion","Mount Pocono, Pennsylvania","Pennsylvania","Northeast",10,"Airbnb",495,4.95,42,12,5,false,false,false,"https://a0.muscache.com/im/pictures/prohost-api/Hosting-1151093163865064955/original/6fe2e9f1-76ed-4af4-9a68-6116facd81bc.jpeg","https://www.airbnb.com/rooms/1151093163865064955","A majestic secluded castle in the Pocono Mountains with breathtaking panoramic views — five bedrooms, sweeping grounds, and the kind of total privacy that makes you feel like the estate is yours and yours alone."
"Pocono Castle with Dungeon Escape Room","pocono-castle-escape-room-pa","Storybook castle with private pond and dungeon","East Stroudsburg, Pennsylvania","Pennsylvania","Northeast",10,"Airbnb",425,4.94,188,8,4,false,false,false,"https://a0.muscache.com/im/pictures/fe7217ff-0b24-438d-880d-b94722c75bf5.jpg","https://www.airbnb.com/rooms/46853667","A 2,300 sq ft storybook castle in the Pocono Mountains with a private pond, a dungeon escape room, and every detail calibrated for fantasy immersion. Four bedrooms, a moat, battlements, and a cedar sauna. Harry Potter fans book this repeatedly."
"Storybook Castle Bed & Breakfast","storybook-castle-fairhope-al","Sculptor-built castle in Alabama's artsy Gulf town","Fairhope, Alabama","Alabama","Southeast",10,"Airbnb",285,4.91,115,4,2,false,false,false,"https://a0.muscache.com/im/pictures/miso/Hosting-28982769/original/bffc3e64-9cc4-43e4-bd83-d6d81e6c88c8.jpeg","https://www.airbnb.com/rooms/28982769","The Sheldon Storybook Castle — a Baldwin County Historic landmark built by sculptor Craig Sheldon as part sculpture, part fairytale. A private guest suite inside one of the most whimsical structures in the American South, in Fairhope's charming village by the bay."
"Williamswood Castle","williamswood-castle-knoxville-tn","Gothic revival castle near downtown Knoxville","Knoxville, Tennessee","Tennessee","Southeast",10,"Airbnb",375,4.9,342,8,4,false,false,false,"https://a0.muscache.com/im/pictures/66332628/58b2bd42_original.jpg","https://www.airbnb.com/rooms/5151609","Williamswood Castle is a genuine Gothic revival castle a few minutes from downtown Knoxville — the kind of architectural treasure that shouldn't exist in East Tennessee and absolutely does. Four bedrooms, turrets, and over a century of history."
"Private Castle Getaway with Large Lawn","castle-getaway-san-antonio-tx","Stone castle retreat in the Texas Hill Country","San Antonio, Texas","Texas","South",10,"Airbnb",345,4.88,95,8,3,false,false,false,"https://a0.muscache.com/im/pictures/hosting/Hosting-17045982/original/c6b901fc-0285-470b-b02e-2e2c673098f1.png","https://www.airbnb.com/rooms/17045982","A private castle-style getaway on a large lawn near San Antonio — a genuine stone castle with the feel of a European country estate dropped into the Texas Hill Country. Three bedrooms, space to roam, and the Alamo City nearby."
"Luxury Castle Retreat near Sacramento","luxury-castle-davis-ca","European castle on 6 acres in the Sacramento Valley","Davis, California","California","West",10,"Airbnb",650,4.96,72,12,6,false,false,false,"https://a0.muscache.com/im/pictures/miso/Hosting-927867050723240616/original/158c2eba-4a77-42de-a4d5-87a0897439ab.jpeg","https://www.airbnb.com/rooms/927867050723240616","A European-inspired luxury castle on 6 private acres in the Sacramento Valley — turrets, grand staircase, and estate grounds with pool. Six bedrooms that feel like a European royal stay, 20 minutes from Sacramento."
"The Castle — Northern Arizona Luxury Estate","castle-flagstaff-az","Mountain castle amid Ponderosa pines at 7,000 feet","Flagstaff, Arizona","Arizona","Southwest",10,"Airbnb",545,4.92,185,10,5,false,false,false,"https://a0.muscache.com/im/pictures/fe7217ff-0b24-438d-880d-b94722c75bf5.jpg","https://www.airbnb.com/rooms/12384486","The Castle is a custom-built luxury estate in Flagstaff, Arizona — a true stone castle perched among Ponderosa pines at 7,000 feet. Five bedrooms, dramatic mountain architecture, and the Grand Canyon just 80 miles away."
"Castle Estate in SW Portland","castle-estate-portland-or","Stone castle minutes from downtown Portland","Portland, Oregon","Oregon","West",10,"Airbnb",495,4.94,128,10,4,false,false,false,"https://a0.muscache.com/im/pictures/8c0d9a6e-d1cc-4746-95e5-a4d2143f4c7a.jpg","https://www.airbnb.com/rooms/31271674","A proper stone castle estate in the hills of SW Portland — an architectural statement you don't expect minutes from downtown. Four bedrooms, tall ceilings, arched doorways, and the kind of scale that makes ordinary vacation rentals look ordinary."
"Extraordinary Medieval Castle with Life-Size Dragons","medieval-castle-monroe-wa","Immersive fantasy castle in the Cascade foothills","Monroe, Washington","Washington","West",10,"Airbnb",895,4.96,55,14,6,false,false,false,"https://a0.muscache.com/im/pictures/miso/Hosting-819178206151122596/original/13bb0176-cbee-4749-81ae-3145efd607cc.jpeg","https://www.airbnb.com/rooms/819178206151122596","A genuinely extraordinary medieval castle in the Cascade foothills of Washington — complete with life-size dragons, a majestic Great Hall, a dungeon, and towering battlements. Six bedrooms, 14 guests, and an experience that makes Game of Thrones fans lose their minds."
"The Lighthouse House — Currituck","lighthouse-house-currituck-nc","Outer Banks lighthouse with wrap-around balcony views","Currituck, North Carolina","North Carolina","Southeast",4,"Airbnb",225,4.91,48,3,1,false,false,false,"https://a0.muscache.com/im/pictures/hosting/Hosting-882621039598390726/original/96f84c77-3d2f-4a2f-bfe2-d86b5110bb2c.jpeg","https://www.airbnb.com/rooms/882621039598390726","A lighthouse-tower stay on North Carolina's Outer Banks with a kitchenette and wrap-around balcony views of the Currituck Sound. Sleep three stories above the marshes where wild horses still roam the beaches below."
"Big Bay Point Lighthouse Bed & Breakfast","big-bay-point-lighthouse-mi","Lake Superior cliff lighthouse, the last of its kind","Big Bay, Michigan","Michigan","Midwest",4,"Direct",395,4.95,,2,1,false,false,false,"https://dynamic-media-cdn.tripadvisor.com/media/photo-o/13/5c/7e/8c/big-bay-point-lighthouse.jpg?w=900&h=500&s=1","https://bigbaylighthouse.com/","Big Bay Point Lighthouse is one of the last resident lighthouse inns in America — perched on a Lake Superior cliff in the Upper Peninsula with sweeping sunrise and sunset views. Seven guest rooms, breakfast included, and a lighthouse beam that still turns each night."
"Historic 1850 Lighthouse on Lake Superior","eagle-harbor-lighthouse-mi","Keweenaw Peninsula lighthouse, Superior wilderness","Mohawk, Michigan","Michigan","Midwest",4,"VRBO",495,4.93,,6,3,false,false,false,"https://media.vrbo.com/lodging/35000000/34080000/34077500/34077479/3daa08d4.jpg","https://www.vrbo.com/3893239ha","A fully restored 1850 lighthouse on Lake Superior's Keweenaw Peninsula — the most remote and dramatic stretch of the Great Lakes. Three bedrooms, superior sunsets, and the immense silence of the largest freshwater lake in the world."
"Braddock Point Lighthouse","braddock-point-lighthouse-ny","128-year-old Coast Guard lighthouse on Lake Ontario","Hilton, New York","New York","Northeast",4,"Airbnb",425,4.96,55,6,3,false,false,false,"https://a0.muscache.com/im/pictures/hosting/Hosting-1021379730224277192/original/95c7c931-e62e-46c9-8aa5-2230f24921db.jpeg","https://www.airbnb.com/rooms/1021379730224277192","Braddock Point Lighthouse — a 128-year-old Coast Guard-maintained lighthouse on the shores of Lake Ontario outside Rochester. Three bedrooms inside the original keeper's dwelling, with the tower itself still actively guiding ships."
"Cove Point Lighthouse Keeper's House","cove-point-lighthouse-md","Chesapeake Bay keeper's quarters at a working lighthouse","Lusby, Maryland","Maryland","Northeast",4,"Airbnb",355,4.91,164,6,3,false,false,false,"https://a0.muscache.com/im/pictures/7f103e4d-1729-40c5-9cfb-fa6657551b05.jpg","https://www.airbnb.com/rooms/31991366","The keeper's house at Cove Point Lighthouse on the Chesapeake Bay — stay at one of Maryland's most historic lighthouses while the tower still flashes above you. Three bedrooms, Chesapeake sunsets, and living history."
"Bristol Ferry Lighthouse","bristol-ferry-lighthouse-ri","Restored 1855 lighthouse on Narragansett Bay","Bristol, Rhode Island","Rhode Island","Northeast",4,"Airbnb",395,4.94,72,4,2,false,false,false,"https://a0.muscache.com/im/pictures/miso/Hosting-716085130518801483/original/6c48fab6-2596-4611-b641-dd0eaf890346.png","https://www.airbnb.com/rooms/716085130518801483","Bristol Ferry Lighthouse — a beautifully restored 1855 lighthouse on Narragansett Bay in Rhode Island. Water views in every direction, the classic New England lighthouse keeper's life, and the quiet dignity of a building that guided ships for over a century."
"Wings Neck Lighthouse","wings-neck-lighthouse-ma","Iconic Cape Cod lighthouse on its own private peninsula","Pocasset, Massachusetts","Massachusetts","Northeast",4,"Airbnb",695,4.97,235,8,4,false,false,false,"https://a0.muscache.com/im/pictures/9826888/9533f5a4_original.jpg","https://www.airbnb.com/rooms/723702","Wings Neck Lighthouse is one of the most celebrated lighthouse rentals in America — a historic 1875 tower on its own private peninsula on Buzzards Bay at Cape Cod. Four bedrooms, private beach, and stunning 360-degree water views."
"Sitka Lighthouse — Private Luxury in Alaska","sitka-lighthouse-ak","Remote Alaskan lighthouse, Inside Passage grandeur","Sitka, Alaska","Alaska","West",4,"Airbnb",475,4.96,65,6,3,false,false,false,"https://a0.muscache.com/im/pictures/prohost-api/Hosting-41713129/original/2fa7d851-d564-4648-8a78-8de265358d1f.jpeg","https://www.airbnb.com/rooms/41713129","A private luxury lighthouse on the wild shores of Sitka, Alaska — backdropped by the snow-capped peaks of the Inside Passage. Three bedrooms, complete seclusion, and the possibility of seeing humpbacks and sea otters from your doorstep."
"Stay in a Working Lighthouse!","working-lighthouse-brookings-or","Active Pacific lighthouse, Pacific Ocean views","Brookings, Oregon","Oregon","West",4,"Airbnb",275,4.93,42,4,2,false,false,false,"https://a0.muscache.com/im/pictures/miso/Hosting-951008117213765564/original/a3f2fe22-d0b1-4c28-958f-ff91aacb8387.jpeg","https://www.airbnb.com/rooms/951008117213765564","A privately owned working lighthouse on the Oregon Coast with sweeping Pacific Ocean views. Sleep in the keeper's quarters while the light still sweeps the ocean below — one of the genuinely rarest overnight stays in America."
"Lighthouse with Hot Tub — San Juan Islands Views","lighthouse-san-juan-anacortes-wa","Island-dotted Pacific panoramas from your own lighthouse","Anacortes, Washington","Washington","West",4,"Airbnb",345,4.95,88,4,2,false,false,false,"https://a0.muscache.com/im/pictures/miso/Hosting-864795923854300257/original/14752372-f2f9-498b-bc71-9c5cdd2369b0.jpeg","https://www.airbnb.com/rooms/864879375694656973","A lighthouse perched above the Salish Sea with a hot tub and sweeping views of the San Juan Islands — one of the most scenic vistas in the Pacific Northwest. Watch ferries glide between islands while the sunset turns the water gold."
"Hobbit House of Pawling","hobbit-house-pawling-ny","Hudson Valley earth home with private hot tub","Pawling, New York","New York","Northeast",6,"Airbnb",265,4.89,175,4,2,false,false,false,"https://a0.muscache.com/im/pictures/1ce4f90a-c649-47b5-b5c9-9420cffd1c8f.jpg","https://www.airbnb.com/rooms/44528835","A cozy, one-of-a-kind hobbit house in the Hudson Valley with a private hot tub — an earthen fantasy retreat two hours from Manhattan. Round doors, curved walls, and the rolling Pawling hills stretching outside."
"Luxury Hobbit House with Private Hot Tub","luxury-hobbit-house-sanford-me","Year-round earth home retreat in southern Maine","Sanford, Maine","Maine","Northeast",6,"Airbnb",285,4.95,148,4,2,false,false,false,"https://a0.muscache.com/im/pictures/prohost-api/Hosting-53674760/original/3eb019cd-0af6-4d07-b397-3f892e6703ae.jpeg","https://www.airbnb.com/rooms/53674760","A luxurious hobbit house at Littlefield Retreat — a 15-acre woodland village on a Maine pond with treehouses and earth homes. Private hot tub, two bedrooms, and the feeling of a fairy tale that somehow also has heated floors."
"Underground Hobbit Home in the Deep Forest","underground-hobbit-rockford-mi","Custom earth home under 10 acres of Michigan forest","Rockford, Michigan","Michigan","Midwest",6,"Airbnb",215,4.93,62,4,2,false,false,false,"https://a0.muscache.com/im/pictures/miso/Hosting-706591064952458895/original/1f834dbc-14c4-4fce-a19f-c919a7c6e27b.jpeg","https://www.airbnb.com/rooms/706591064952458895","A custom-built hobbit home nestled under the floor of a 10-acre Michigan forest — hand-carved rooms, earthen walls, and a sense of total immersion in the woods. One of the most genuinely unusual places to sleep in the Midwest."
"Wee Nook — A Hobbit Hole","wee-nook-hobbit-mcewen-tn","Tucked underground in the Tennessee woods","McEwen, Tennessee","Tennessee","Southeast",6,"Airbnb",165,4.91,220,2,1,false,false,false,"https://a0.muscache.com/im/pictures/miso/Hosting-22840443/original/246beaab-6c3b-4a02-868a-9a460517fe3c.jpeg","https://www.airbnb.com/rooms/22840443","A 360 sq ft underground hobbit hole in the Tennessee woods — full kitchen, full bathroom, and a door that opens onto the forest floor. Tiny, earthy, and utterly charming. The Shire is real, and it's in Middle Tennessee."
"Hobbit Style Underground Cabin","underground-cabin-broadway-va","Secluded earth home in the Blue Ridge foothills","Broadway, Virginia","Virginia","Southeast",6,"Airbnb",185,4.9,145,4,2,false,false,false,"https://a0.muscache.com/im/pictures/c530642f-8efa-4576-83e7-5e123376cc50.jpg","https://www.airbnb.com/rooms/42388319","A secluded hobbit-style underground cabin nestled in the valley of Virginia's Blue Ridge Mountains. Earth walls, wood beams, and a round door — private, quiet, and shielded by the mountain itself."
"The Hobbit House","hobbit-house-russellville-ar","Fantasy comes home in the Arkansas hills","Russellville, Arkansas","Arkansas","South",6,"VRBO",175,4.87,,4,2,false,false,false,"https://images.trvl-media.com/lodging/56000000/55330000/55321200/55321109/0987c49d.jpg","https://www.vrbo.com/2011545","A storybook earth home built into the Arkansas hillside with an iconic round door, stone walls, and curved hobbit-scale ceilings. Two bedrooms, whimsical details throughout, and wooded privacy that makes the fantasy feel completely real."
"The Kiva Cave Creek","kiva-cave-creek-az","Underground kiva earthen home in the Sonoran desert","Cave Creek, Arizona","Arizona","Southwest",6,"Airbnb",225,4.88,195,2,1,false,false,false,"https://a0.muscache.com/im/pictures/miso/Hosting-7958261/original/71edc263-be47-44ac-94d0-54d91601a485.jpeg","https://www.airbnb.com/rooms/7958261","An underground kiva-inspired earthen home in Cave Creek, AZ — circular, earth-sheltered, and perfectly cool against Arizona's heat. Authentic Native-inspired architecture with handcrafted details, saguaro views, and desert silence."
"The Caves at Moab — Private Riverside Ranch","caves-at-moab-ut","Red rock caves at a private Colorado River ranch","Moab, Utah","Utah","Southwest",6,"Airbnb",375,4.94,85,4,2,false,false,false,"https://a0.muscache.com/im/pictures/miso/Hosting-897320869528524610/original/cfa27324-1d54-43c2-9853-ebb8e2827a65.jpeg","https://www.airbnb.com/rooms/897320869528524610","Caves carved directly into the red rock formations of a private riverside ranch outside Moab — surrounded by the canyon country that defines the Southwest. Sleep inside the earth, wake to Arches country light."
"The Shire of Montana","shire-of-montana-trout-creek","Fully underground luxury retreat, 55°F year-round","Trout Creek, Montana","Montana","West",6,"VRBO",595,4.9,,6,3,false,false,false,"https://media.vrbo.com/lodging/20000000/19560000/19550600/19550584/2125207a.jpg","https://www.vrbo.com/324679","The Shire of Montana is entirely underground — a naturally temperature-stable 55°F retreat built into a Montana hillside. Three bedrooms, full kitchen, luxurious finishes, and the eerie peace of a home that the outside world doesn't know exists."
"The Hobbit Inn","hobbit-inn-orondo-wa","Hand-built earth home above the Columbia River","Orondo, Washington","Washington","West",6,"Airbnb",195,4.92,310,4,2,false,false,false,"https://a0.muscache.com/im/pictures/56bff280-aba3-42f3-af42-adc2814a72f4.jpg","https://www.airbnb.com/rooms/8794484","A curious dwelling built into the hill in a quiet fold of the mountains above the Columbia River in central Washington. Thick earth walls, curved ceilings, and the kind of silence that makes you forget what century it is."
"Tiny Houseboat with Portland Harbor Views","houseboat-harbor-portland-me","New England's hippest harbor, from the water","Portland, Maine","Maine","Northeast",3,"Airbnb",225,4.85,118,2,1,false,false,false,"https://a0.muscache.com/im/pictures/691fde7e-56c9-4857-badd-1bc5e742d9fa.jpg","https://www.airbnb.com/rooms/50435143","A unique tiny houseboat docked in Portland Harbor, ME — wake to lobster boats and working piers, then walk to the Old Port's celebrated restaurants and galleries. One bedroom, cozy, and utterly unlike any hotel in town."
"Boathouse on the Hudson River","boathouse-hudson-saugerties-ny","Panoramic river views two hours from Manhattan","Saugerties, New York","New York","Northeast",3,"Airbnb",345,4.9,298,4,2,false,false,false,"https://a0.muscache.com/im/pictures/fe7217ff-0b24-438d-880d-b94722c75bf5.jpg","https://www.airbnb.com/rooms/13332325","An iconic boathouse right on the Hudson River in Saugerties — unobstructed panoramic views of the water and Catskill Mountains beyond. Two bedrooms, wrap-around deck, and the most storied river in American art below."
"Houseboat NOMAD on Lake Pemaquid","houseboat-nomad-pemaquid-me","Mid-Coast Maine lake life, beautifully unmoored","Bremen, Maine","Maine","Northeast",3,"Airbnb",275,4.88,172,4,2,false,false,false,"https://a0.muscache.com/im/pictures/4058aceb-8f9a-4d7a-8f74-4d9351370d29.jpg","https://www.airbnb.com/rooms/23922247","NOMAD is a classic houseboat on Lake Pemaquid in Mid-Coast Maine — a calm, pristine freshwater lake ringed with pine forests. Two bedrooms, a wrap deck, and the quiet confidence of a Maine summer morning on the water."
"Noa's Ark Float-House on the Hudson","noas-ark-float-house-ny","Artisan floating home on New York's storied river","Kingston, New York","New York","Northeast",3,"Airbnb",295,4.95,42,4,2,false,false,false,"https://a0.muscache.com/im/pictures/hosting/Hosting-U3RheVN1cHBseUxpc3Rpbmc6OTYzNjc0Mzg0MDAxNzQxMTYw/original/7cdbb2a6-d4cc-44e9-b220-9871ec3b8c7e.jpeg","https://www.airbnb.com/rooms/963674384001741160","A lovingly crafted float-house moored on the Hudson River at Kingston — two hours from NYC. Artisan wood interiors, river views from every window, and the Catskill Mountains on the horizon. Peaceful, singular, unforgettable."
"Lake Vermilion Houseboat","lake-vermilion-houseboat-mn","Untamed Minnesota wilderness, delivered by water","Tower, Minnesota","Minnesota","Midwest",3,"Direct",395,4.9,,8,3,false,false,false,"https://i0.wp.com/vermilionhouseboats.com/wp-content/uploads/2020/04/IMG_1347-scaled.jpg","https://vermilionhouseboats.com/our-fleet/","Sleep on Lake Vermilion's wild northern waters aboard a fully equipped houseboat from the Lake Vermilion Houseboat fleet. Three bedrooms, full galley, fishing and kayaks included — immersive Minnesota lake life near the Boundary Waters."
"Gorgeous Houseboat on the Lake of the Ozarks","ozarks-houseboat-mo","Floating getaway near the famous Bagnell Dam Strip","Lake Ozark, Missouri","Missouri","Midwest",3,"Airbnb",245,4.91,48,6,2,false,false,false,"https://a0.muscache.com/im/pictures/fe7217ff-0b24-438d-880d-b94722c75bf5.jpg","https://www.airbnb.com/rooms/1450298020987224436","A standout houseboat docked on the Lake of the Ozarks — Missouri's 1,150-mile-shoreline playground. Two bedrooms, wraparound deck, and restaurants, water sports, and the Bagnell Dam Strip's summer energy minutes away."
"Florida Keys Living: Charming Houseboat","key-west-houseboat-fl","Island life on the water, Key West style","Key West, Florida","Florida","Southeast",3,"VRBO",350,4.85,,4,1,false,false,false,"https://media.vrbo.com/lodging/38000000/37720000/37713600/37713540/03f379b3.jpg","https://www.vrbo.com/4243444","A charming houseboat in Key West — the southernmost point in the continental USA. One bedroom, gentle rocking motion, and the sights, sounds, and sunsets of America's most colorful island right outside."
"Florida Keys Luxury Houseboat","keys-luxury-houseboat-fl","Steps to ocean, reef, and island nightlife","Tavernier, Florida","Florida","Southeast",3,"VRBO",445,4.9,,6,2,false,false,false,"https://media.vrbo.com/lodging/20000000/19870000/19860300/19860219/90-1dcd6f05.jpg","https://www.vrbo.com/836359","A fully equipped luxury houseboat at Mile Marker 90 in the upper Florida Keys — prime location steps from restaurants, water sports, and world-class reef snorkeling. Sunrise over the Atlantic, sunset over the Bay."
"Kimbo's Kabin — Norris Lake Houseboat","norris-lake-kimbo-tn","Water-access-only float house, pure Tennessee lake life","LaFollette, Tennessee","Tennessee","Southeast",3,"Airbnb",195,4.92,138,6,2,false,false,false,"https://a0.muscache.com/im/pictures/b5f4691a-be46-469d-95a4-4ded1e79e566.jpg","https://www.airbnb.com/rooms/23596391","Kimbo's Kabin is a water-access-only houseboat moored on pristine Norris Lake in the Tennessee hill country. Arrive by boat, wake to mirror-flat water, and spend the day swimming off the dock — totally unplugged."
"Caddo Lake Houseboat with Kayaks","caddo-lake-houseboat-tx","Cypress swamp adventure from your private dock","Uncertain, Texas","Texas","South",3,"Airbnb",275,4.89,58,6,2,false,false,false,"https://a0.muscache.com/im/pictures/hosting/Hosting-1091081165663800873/original/721040dd-1fd8-49ed-a536-0735264a106d.png","https://www.airbnb.com/rooms/1091081165663800873","Float above the hauntingly beautiful waters of Caddo Lake — Texas's only natural lake, draped in Spanish moss and ancient bald cypress. Two bedrooms, kayaks, and a private dock deep in East Texas solitude."
"Casa Ocaso Houseboat on Lake Travis","casa-ocaso-lake-travis-tx","42-foot Gibson houseboat, rooftop sunset deck","Austin, Texas","Texas","South",3,"Airbnb",325,4.91,78,4,1,false,false,false,"https://a0.muscache.com/im/pictures/miso/Hosting-602860298282797754/original/ac245594-a76e-4795-8530-7bcb3e6d9ab3.jpeg","https://www.airbnb.com/rooms/602860298282797754","A 42-foot Gibson houseboat moored on Lake Travis with a rooftop lounge made for Hill Country sunsets. One bedroom below, the whole lake above — 30 minutes from downtown Austin."
"Portland Floating Home with Sauna","portland-floating-sauna-or","Steam, soak, and float on the Columbia","Portland, Oregon","Oregon","West",3,"Airbnb",275,4.93,62,4,2,false,false,false,"https://a0.muscache.com/im/pictures/prohost-api/Hosting-839115035159081196/original/ed9d487c-32bb-44a7-b03f-7a8a4761eeca.jpeg","https://www.airbnb.com/rooms/839115035159081196","A Pacific Northwest floating home near the Columbia River with a private sauna — the ultimate after-adventure recovery retreat. Kayak from your doorstep, then unwind with the river rocking you to sleep."
"Floating House on Flathead Lake","flathead-floating-house-mt","Rooftop kayaks on Montana's crown jewel lake","Somers, Montana","Montana","West",3,"VRBO",355,4.9,,8,3,false,false,false,"https://media.vrbo.com/lodging/68000000/67490000/67488600/67488505/278cb5b8.jpg","https://www.vrbo.com/2307623","A genuine floating house moored on Flathead Lake — Montana's 30-mile inland sea beneath the Mission Mountains. Three bedrooms, rooftop sun deck, kayaks, and silence broken only by the water lapping below."
"Little Lux Floating Home","sausalito-floating-home-ca","SF Bay views from your private floating dock","Sausalito, California","California","West",3,"Airbnb",395,4.98,210,2,1,false,false,false,"https://a0.muscache.com/im/pictures/fe7217ff-0b24-438d-880d-b94722c75bf5.jpg","https://www.airbnb.com/rooms/21852195","One of Sausalito's celebrated floating homes — a luminous one-bedroom retreat on Richardson Bay with sweeping San Francisco skyline views. Bobbing gently on the water with the Golden Gate minutes away."
"Gorgeous Floating Home at Skyline Moorage","floating-home-portland-or","Brand-new floating home on the Willamette","Portland, Oregon","Oregon","West",3,"Airbnb",245,4.92,28,4,2,false,false,false,"https://a0.muscache.com/im/pictures/miso/Hosting-786331841939255088/original/9d4e8a07-de9e-4da5-9f2d-b62f433dc1a1.jpeg","https://www.airbnb.com/rooms/786331841939255088","Brand-new floating home at Portland's Skyline Moorage on the lower Willamette River. Two bedrooms, full kitchen, and a private deck right above the water — downtown Portland a short drive away."
"Postcard Cabins Lake Hartwell","postcard-lake-hartwell-sc","Tiny lakeside cabin in South Carolina Upcountry","Seneca, South Carolina","South Carolina","Southeast",8,"Direct",189,4.8,,2,1,false,false,false,"https://cache.marriott.com/is/image/marriotts7prod/oc-gsplh-exterior-7-24741:Wide-Hor","https://postcardcabins.com/lake-hartwell/","Postcard Cabins on the shores of Lake Hartwell in South Carolina's scenic Upcountry — 40 upscale tiny cabins 50 minutes from Greenville. Kayaking, swimming, and the unhurried quiet of a lake community outside your door."
"Postcard Cabins Dale Hollow","postcard-dale-hollow-tn","Tiny cabin community on Tennessee's clearest lake","Celina, Tennessee","Tennessee","Southeast",8,"Direct",199,4.8,,2,1,false,false,false,"https://cache.marriott.com/is/image/marriotts7prod/oc-bnadl-exterior-193-24522:Wide-Hor","https://postcardcabins.com/dale-hollow/","Postcard Cabins at Dale Hollow — 40 premium tiny cabins on hundreds of private acres in Celina, Tennessee, just 2 hours from Nashville. Dale Hollow Lake is one of the clearest in the country and the swimming is extraordinary."
"Postcard Cabins Suches — Valley Above the Clouds","postcard-suches-ga","Tiny cabin hideaway in Georgia's legendary cloud valley","Suches, Georgia","Georgia","Southeast",8,"Direct",199,4.8,,2,1,false,false,false,"https://cache.marriott.com/is/image/marriotts7prod/oc-atlco-jacksonville-postcard-cab-15359:Wide-Hor","https://postcardcabins.com/suches/","Postcard Cabins in Suches, Georgia — locally known as ""the Valley Above the Clouds."" 40 tiny cabins on a wooded 750-acre property with private pond access, hiking, and enough altitude to feel genuinely above it all."
"Countryside Tiny House in the Georgia Mountains","murray-tiny-chatsworth-ga","Full-size comfort in a tiny house near Chatsworth","Chatsworth, Georgia","Georgia","Southeast",8,"VRBO",165,4.88,59,4,2,false,false,false,"https://media.vrbo.com/lodging/105000000/104520000/104518900/104518841/f011c0a4.jpg","https://www.vrbo.com/4873469ha","A tiny house tucked away in Murray County's rural countryside near the Cohutta Wilderness — full-size amenities in a pint-size package, with mountain views, hiking trails, and the best swimming holes in North Georgia nearby."
"Tiny Home in a Tiny Home Community","tiny-community-lancaster-pa","One-of-a-kind tiny village stay in Pennsylvania Dutch Country","Kinzers, Pennsylvania","Pennsylvania","Northeast",8,"VRBO",185,4.86,74,3,1,false,false,false,"https://media.vrbo.com/lodging/97000000/96130000/96120800/96120709/2bcd56cb.jpg","https://www.vrbo.com/3512584","A unique tiny home experience inside a rare tiny home community in Lancaster County, Pennsylvania — Amish country, farm markets, and countryside cycling all within easy reach of this purpose-built tiny village."
"Postcard Cabins Eastern Catskills","postcard-catskills-ny","Tiny cabin retreat 2 hours from New York City","Roxbury, New York","New York","Northeast",8,"Direct",229,4.8,,2,1,false,false,false,"https://cache.marriott.com/is/image/marriotts7prod/oc-albec-whitcombe-james---40-16676:Wide-Hor","https://postcardcabins.com/eastern-catskills/","Postcard Cabins' beloved Catskills outpost — custom-built tiny cabins deep in the Eastern Catskills forests, just 2 hours from Manhattan. Phone-free by design, fire pit by default, and the only city lights visible are stars."
"Luxury Tiny Home in the White Mountains","luxury-tiny-woodstock-nh","Elevated tiny home retreat in New Hampshire's mountain country","North Woodstock, New Hampshire","New Hampshire","Northeast",8,"VRBO",225,4.9,83,4,2,false,false,false,"https://media.vrbo.com/lodging/108000000/107840000/107835300/107835273/2e71633f.jpg","https://www.vrbo.com/4147470","A luxury tiny home getaway in the heart of New Hampshire's White Mountains near Franconia Notch and Kancamagus Highway. Two bedrooms, upscale finishes, and the best fall foliage drive in America right outside."
"Luxury Glass Tiny House with Mountain View","glass-tiny-warren-vt","Most-wishlisted Vermont home — Scandinavian glass with hot tub","Warren, Vermont","Vermont","Northeast",8,"Airbnb",325,4.99,312,2,1,false,false,false,"https://a0.muscache.com/im/pictures/miso/Hosting-708067475095659552/original/f1ed90f2-9870-4c04-bc5b-ed5033b804bc.jpeg","https://www.airbnb.com/rooms/708067475095659552","The most-wishlisted tiny home in Vermont — a 200 sq ft mirrored glass house built in Estonia, set with panoramic views of Sugarbush Mountain and Blueberry Lake. Hot tub, Scandinavian design, and a jaw-dropping transparency with the forest."
"Tiny Home on the Great River Road","great-river-tiny-wi","Mississippi River views from a unique Wisconsin tiny home","Bay City, Wisconsin","Wisconsin","Midwest",8,"VRBO",165,4.89,67,2,1,false,false,false,"https://media.vrbo.com/lodging/121000000/120520000/120519700/120519634/2ba6a3ed.jpg","https://www.vrbo.com/1217859044","A unique tiny home on Wisconsin's Great River Road with sweeping Mississippi River views in Bay City. One of America's most scenic byways outside your window — bluffs, river towns, and the kind of peaceful that comes with watching a great river flow."
"Postcard Cabins Hocking Hills","postcard-hocking-hills-oh","Tiny cabin among Ohio's ancient caves and gorges","Logan, Ohio","Ohio","Midwest",8,"Direct",179,4.8,,2,1,false,false,false,"https://cache.marriott.com/is/image/marriotts7prod/oc-cmhhh-cabin-exterior-26962:Wide-Hor","https://postcardcabins.com/hocking-hills/","Postcard Cabins in Ohio's spectacular Hocking Hills — modern tiny cabins minutes from Old Man's Cave, Ash Cave, and Cedar Falls. Queen bed, kitchenette, outdoor fireplace, and sandstone gorge hiking on your doorstep."
"Little Hideaway in the Michigan Woods","lakewoods-tiny-sawyer-mi","Cozy tiny house steps from Lake Michigan's sandy shores","Sawyer, Michigan","Michigan","Midwest",8,"VRBO",175,4.87,134,2,1,false,false,false,"https://media.vrbo.com/lodging/34000000/33510000/33503500/33503500/e0390588.jpg","https://www.vrbo.com/322768","A perfect little hideaway in the Michigan woods near Sawyer — a romantic tiny house retreat steps from Lake Michigan's famous Harbor Country beaches. Private, wooded, and exactly the right size for two."
"Postcard Cabins Piney Woods","postcard-piney-woods-tx","Tiny forest cabin in the East Texas Piney Woods near Dallas","Ore City, Texas","Texas","South",8,"Direct",179,4.8,,2,1,false,false,false,"https://cache.marriott.com/is/image/marriotts7prod/oc-tyrpw--jacksonville-postcard-ca-39928:Wide-Hor","https://postcardcabins.com/piney-woods/","Postcard Cabins in the towering East Texas Piney Woods — a cluster of custom tiny cabins just outside Dallas that let urbanites trade concrete for longleaf pines. Fire pit, private bath, and the first real silence you've had in months."
"Historic Tiny House on Main Street","historic-tiny-eureka-springs-ar","Century-old Victorian tiny home in quirky Eureka Springs","Eureka Springs, Arkansas","Arkansas","South",8,"VRBO",145,4.85,112,2,1,false,false,false,"https://media.vrbo.com/lodging/65000000/64130000/64123300/64123256/69a1221b.jpg","https://www.vrbo.com/2195717","A charming historic tiny house right on Main Street in beloved Eureka Springs, Arkansas — the Victorian hill town hidden in the Ozarks. Walk to galleries, restaurants, and healing springs from a property that feels like a dollhouse come to life."
"The Ark Tiny House near Zion","ark-tiny-zion-ut","Modern tiny home with hot tub 20 minutes from Zion","Virgin, Utah","Utah","Southwest",8,"VRBO",195,4.91,187,3,1,false,false,false,"https://media.vrbo.com/lodging/40000000/39040000/39036500/39036486/5cc6fc3e.jpg","https://www.vrbo.com/1713114","The Ark is a beautifully designed tiny house in Virgin, Utah with a hot tub, fire pit, and access to 75 private acres — just 20 minutes from Zion National Park's entrance. Bay window views, reverse osmosis water, and the full Zion experience."
"Postcard Cabins Big Bear","postcard-big-bear-ca","Tiny mountain cabin above Los Angeles in Big Bear","Big Bear Lake, California","California","West",8,"Direct",219,4.8,,2,1,false,false,false,"https://cache.marriott.com/is/image/marriotts7prod/oc-ontbb-exterior-6-38702:Wide-Hor","https://postcardcabins.com/big-bear/","Postcard Cabins in the San Bernardino Mountains just 2 hours from LA — a cluster of custom tiny cabins in Big Bear forest designed for total disconnection. Snow-capped peaks in winter, cool pines in summer."
"Postcard Cabins Mount Adams","postcard-mount-adams-wa","Tiny forest cabin under the shadow of Mt. Adams","White Salmon, Washington","Washington","West",8,"Direct",189,4.8,,2,1,false,false,false,"https://media-cdn.tripadvisor.com/media/photo-s/33/29/05/e6/table-outside-cabin.jpg","https://postcardcabins.com/mount-adams/","Postcard Cabins' Mt. Adams outpost — custom-built tiny cabins in the shadow of Mount Adams, perfectly positioned between Portland and Yakima wine country. Queen bed, kitchenette, fire pit, and deliberately no TVs."
"The Gypsy Getaway — Nederland","gypsy-getaway-nederland-co","Whimsical tiny house retreat above Boulder in the Rockies","Nederland, Colorado","Colorado","West",8,"Airbnb",125,4.88,142,2,1,false,false,false,"https://a0.muscache.com/im/pictures/miso/Hosting-13685226/original/760e63d0-9251-4752-bae3-770140581977.jpeg","https://www.airbnb.com/rooms/13685226","A whimsical tiny house getaway in Nederland, Colorado — the quirky mountain town perched above Boulder at 8,200 feet. Bohemian decor, crisp mountain air, and easy access to hiking, skiing, and the legendary Frozen Dead Guy Days."
"Mt. Hood View Tiny House","mt-hood-tiny-or","Panoramic volcano views on 23 private Oregon acres","Sandy, Oregon","Oregon","West",8,"Airbnb",175,4.93,178,3,1,false,false,false,"https://a0.muscache.com/im/pictures/a15ea724-1d2e-43f2-90cc-0862806c2c9c.jpg","https://www.airbnb.com/rooms/20442314","A private tiny house on 23 acres with sweeping Mt. Hood views, just one mile from Highway 26 in Sandy, Oregon. A quiet retreat between Portland and the mountain — ski in winter, hike in summer, stargaze year-round."
"The Silos at Promise Manor","silos-promise-manor-tn","Converted grain silos on a farm near Jack Daniel's Distillery","Lynchburg, Tennessee","Tennessee","Southeast",5,"Airbnb",225,4.92,58,4,2,false,false,false,"https://a0.muscache.com/im/pictures/miso/Hosting-894839579448715543/original/481a86cc-711a-4e86-880b-7109ceeaae4d.jpeg","https://www.airbnb.com/rooms/894839579448715543","Twin converted 60-year-old grain silos on Promise Manor farm in Lynchburg, Tennessee — ground zero for Tennessee whiskey country. Two bedrooms of circular character, a working farm backdrop, and Jack Daniel's Distillery just down the road."
"Round Retreat — Converted Grain Bin","grain-bin-mount-juliet-tn","Secluded circular silo stay near Nashville","Mount Juliet, Tennessee","Tennessee","Southeast",5,"Airbnb",165,4.88,112,2,1,false,false,false,"https://a0.muscache.com/im/pictures/b5f0d2a8-69e7-4984-80df-986cea2a1cfd.jpg","https://www.airbnb.com/rooms/42860770","A charming converted grain bin silo just east of Nashville — a perfectly circular retreat for two with a cozy interior, wraparound character, and easy access to Music City's dining and entertainment scene."
"The Silo at Gene Acres","gene-acres-silo-ga","Modern grain silo stay near Chickamauga battlefield","Chickamauga, Georgia","Georgia","Southeast",5,"Airbnb",195,4.91,73,4,1,false,false,false,"https://a0.muscache.com/im/pictures/prohost-api/Hosting-588821618757430348/original/8b17d12c-8cf5-4586-97b7-663404ef0d10.jpeg","https://www.airbnb.com/rooms/588821618757430348","A rustic yet modern 27-foot grain silo on Gene Acres — a 20-acre farm less than 2 miles from Chickamauga National Military Park and 20 minutes from Chattanooga. King loft, murphy queen, farm life, and big sky."
"Silo Barn OASIS — Swim Pond & Trails","silo-oasis-louisa-va","Converted silo with swimming pond on Virginia Piedmont acres","Louisa, Virginia","Virginia","Southeast",5,"Airbnb",175,4.94,41,2,1,false,false,false,"https://a0.muscache.com/im/pictures/prohost-api/Hosting-902002019078580027/original/6d85c692-ecf3-4fa2-bff0-9d4feb338340.jpeg","https://www.airbnb.com/rooms/902002019078580027","A unique silo barn OASIS in the Virginia Piedmont with a private swim pond and 5 miles of trails — an extraordinary combination of agricultural architecture and natural paradise just 90 minutes from DC."
"Finally Home Farm Bed and Barn","southern-pines-barn-nc","Private converted barn cottage on a Sandhills farm","Southern Pines, North Carolina","North Carolina","Southeast",5,"Airbnb",155,4.93,88,2,1,false,false,false,"https://a0.muscache.com/im/pictures/8c757a8e-ade9-4dd4-bef1-04f693d00437.jpg","https://www.airbnb.com/rooms/53941605","A private 1-bedroom barn cottage on a peaceful Sandhills farm 2 miles from downtown Southern Pines. Horses graze the pasture, golf abounds at nearby Pinehurst, and the barn's quiet charm makes every evening feel like a restoration."
"Converted Historic Newport Firehouse","newport-firehouse-ri","Luxurious firehouse conversion in Gilded Age Newport","Newport, Rhode Island","Rhode Island","Northeast",5,"VRBO",595,4.91,34,12,6,false,false,false,"https://media.vrbo.com/lodging/70000000/69240000/69239700/69239625/32d70ca0.jpg","https://www.vrbo.com/7468225ha","A converted historic firehouse in Newport, Rhode Island with luxurious finishes and grand proportions. Six bedrooms of architectural character steps from Newport's legendary Cliff Walk, Bellevue Avenue mansions, and the Atlantic waterfront."
"Converted One-Room Brick Schoolhouse","brick-schoolhouse-ny","Charmingly restored 19th-century schoolhouse on Lake Erie","Westfield, New York","New York","Northeast",5,"VRBO",150,4.84,142,4,1,false,false,false,"https://media.vrbo.com/lodging/69000000/68290000/68282700/68282633/f7dd6118.jpg","https://www.vrbo.com/385025","A charmingly restored one-room brick schoolhouse in Chautauqua County near Lake Erie — the original 19th-century classroom reborn as an intimate two-person escape with a loft and 1.5 baths. Grape country, lake walks, and total quiet."
"Converted Church in the Pennsylvania Countryside","centre-county-church-pa","Country church beautifully reimagined for modern stays","Millheim, Pennsylvania","Pennsylvania","Northeast",5,"VRBO",185,4.86,108,10,3,false,false,false,"https://media.vrbo.com/lodging/37000000/36890000/36880700/36880639/c53f4b28.jpg","https://www.vrbo.com/4643551ha","A beautifully renovated country church in Pennsylvania's serene Penn Valley near Centre County — three bedrooms, internet, fireplace, and washer/dryer inside original stone walls. A pastoral escape near Penn State and Bald Eagle State Forest."
"Barn & Silo Retreat on 300 Private Acres","morristown-barn-silo-vt","Converted Shaker barn estate 15 minutes from Stowe","Morristown, Vermont","Vermont","Northeast",5,"Airbnb",395,4.95,167,8,3,false,false,false,"https://a0.muscache.com/im/pictures/fe7217ff-0b24-438d-880d-b94722c75bf5.jpg","https://www.airbnb.com/rooms/20524559","A stunning converted barn and silo estate on 300 private Vermont acres, just 15 minutes from Stowe. Three bedrooms, a resident treehouse, spring-fed pond, and the kind of pastoral grandeur that makes you forget the outside world exists."
"The Farmhouse at White Birch Barn","white-birch-barn-oh","Renovated 1930s farmhouse bungalow on a working Ohio farm","Medina, Ohio","Ohio","Midwest",5,"Airbnb",225,4.92,47,6,3,false,false,false,"https://a0.muscache.com/im/pictures/miso/Hosting-1127494099286828043/original/d5cbcb10-657a-4aa0-8c7f-4c943784b426.jpeg","https://www.airbnb.com/rooms/1127494099286828043","A beautifully renovated 1930s farmhouse bungalow on the White Birch farm in Medina County, Ohio — peaceful countryside just 30 miles from Cleveland. Original character meets thoughtful updates in this quintessential Midwest farm escape."
"Blue Barn Farm Stay","blue-barn-oostburg-wi","Charming converted barn on a Lake Michigan coastal farm","Oostburg, Wisconsin","Wisconsin","Midwest",5,"Airbnb",185,4.87,134,6,2,false,false,false,"https://a0.muscache.com/im/pictures/hosting/Hosting-32957743/original/82fd85c6-1830-4f06-bede-e274d8d6a024.jpeg","https://www.airbnb.com/rooms/32957743","A charming converted blue barn on a working farm minutes from Wisconsin's Lake Michigan shore. Farm life, crisp lake air, and Sheboygan county's cheese trails — a low-key Midwest getaway that delivers on every level."
"Home 'n Barn — Grandpa George's Dairy","grandpa-george-barn-mi","Family dairy barn from 1956 reimagined as a lakeside stay","Bay Port, Michigan","Michigan","Midwest",5,"Airbnb",285,5,10,8,4,false,false,false,"https://a0.muscache.com/im/pictures/miso/Hosting-627414986077211729/original/90b2cfe8-7298-4e31-a13a-acbad9bf8482.jpeg","https://www.airbnb.com/rooms/627414986077211729","Grandpa George's 1956 dairy barn on the shores of Saginaw Bay, reimagined as a warm and wonderfully unique family retreat. Four bedrooms, farm relics as décor, and a perfect 5-star rating from every guest who's stayed."
"The Barn — North Woods Wisconsin","cable-barn-wi","Rustic-luxe barn on 30 acres near Hayward Lakes","Cable, Wisconsin","Wisconsin","Midwest",5,"Airbnb",265,4.94,52,7,3,false,false,false,"https://a0.muscache.com/im/pictures/prohost-api/Hosting-845626637702360276/original/f7ba17c4-665d-4743-bd55-b029d878425e.jpeg","https://www.airbnb.com/rooms/845626637702360276","A unique barn retreat on 30 private acres in Wisconsin's North Woods, just outside Cable near the Hayward Lakes. Three cozy bedrooms, a sunlit living space, and private hiking trails through old-growth forest."
"Converted 1830 Church in the Ozarks","ozarks-church-harrison-ar","Newly renovated historic church in the Arkansas Ozarks","Harrison, Arkansas","Arkansas","South",5,"VRBO",195,4.82,63,6,3,false,false,false,"https://media.vrbo.com/lodging/126000000/125550000/125545000/125544943/134b7d4c.jpg","https://www.vrbo.com/2547578","A newly renovated 1830-era church in Harrison, Arkansas — gateway to the Buffalo National River and the scenic Ozark highlands. Original stained glass, repurposed pews, and a surprisingly comfortable open-plan conversion."
"Silo at the Medina River","medina-river-silo-tx","Converted grain silo on the Texas Hill Country river","Rio Medina, Texas","Texas","South",5,"Airbnb",165,4.89,76,2,1,false,false,false,"https://a0.muscache.com/im/pictures/cf50c0a8-09f8-4438-9e2d-4aeae7a75d7e.jpg","https://www.airbnb.com/rooms/48645643","A converted grain silo perched on the Medina River in the Texas Hill Country — just 30 minutes from San Antonio. Swim in the river, watch deer at dusk, and sleep in one of the most unusual rooms in Texas."
"The Silo — Bitterroot Valley Views","silo-bitterroot-mt","Converted grain silo with panoramic Montana mountain views","Corvallis, Montana","Montana","West",5,"Airbnb",175,4.96,87,3,1,false,false,false,"https://a0.muscache.com/im/pictures/4567d586-4d36-4290-b590-a106b4f89ca4.jpg","https://www.airbnb.com/rooms/37498045","A converted grain silo in Montana's stunning Bitterroot Valley with panoramic mountain views and dog-friendly acres to explore. Circular rooms, cozy quirk, and big sky country right outside the door."
"Modern Luxury in a Converted Church","converted-church-denver-co","Mission-style church transformed into a design-forward home","Denver, Colorado","Colorado","West",5,"Airbnb",295,4.91,209,6,2,false,false,false,"https://a0.muscache.com/im/pictures/4bd1db8f-684a-4791-918b-b0537e98aff7.jpg","https://www.airbnb.com/rooms/8800911","A 100-year-old Mission-style church transformed into a modern luxury stay in Denver, complete with a bonus tiny house on the grounds. Stained glass, soaring nave ceilings, and artful design — this is architecture as hospitality."
"Rustic Silo at the Tree Farm","treefarm-silo-lapine-or","Off-grid silo stay between Crater Lake and Bend","La Pine, Oregon","Oregon","West",5,"Airbnb",155,4.88,143,2,1,false,false,false,"https://a0.muscache.com/im/pictures/miso/Hosting-5849481/original/f71b1f0a-2564-4f5a-991f-db4f7406b73c.jpeg","https://www.airbnb.com/rooms/5849481","A rustic converted farm silo on a working tree farm in La Pine, Oregon — halfway between Crater Lake and Bend. Cozy circular living with Starlink WiFi, surrounded by ponderosa pines and high desert silence."
"The Hansville Schoolhouse","hansville-schoolhouse-wa","Restored one-room schoolhouse on the Kitsap Peninsula","Hansville, Washington","Washington","West",5,"VRBO",245,4.93,118,6,3,false,false,false,"https://media.vrbo.com/lodging/113000000/112080000/112077900/112077896/e82a307d.jpg","https://www.vrbo.com/4375507","A beautifully restored historic schoolhouse on the quiet north tip of Washington's Kitsap Peninsula. Soaring ceilings, original woodwork, and a serene waterfront location — the perfect base for Puget Sound kayaking and Hood Canal oyster runs."
"Big Horn Country Converted Schoolhouse","bighorn-schoolhouse-wy","Historic schoolhouse with hot tub and mountain views","Sheridan, Wyoming","Wyoming","West",5,"VRBO",185,4.87,94,8,2,false,false,false,"https://media.vrbo.com/lodging/113000000/112770000/112769100/112769058/24ad309b.jpg","https://www.vrbo.com/4025884ha","A thoughtfully converted historic schoolhouse in Wyoming's Big Horn Country with a hot tub and sweeping mountain views. Original character preserved throughout — exposed timber, chalkboards, and schoolhouse charm meet modern comfort."
"Dome of Your Dreams — Shenandoah Valley","shenandoah-dome-wv","Architectural dome home with Shenandoah River views","Harpers Ferry, West Virginia","West Virginia","Southeast",2,"VRBO",350,4.86,129,8,3,false,false,false,"https://images.trvl-media.com/lodging/34000000/33500000/33490100/33490051/d88e49c4.jpg","https://www.vrbo.com/563758","A dream geodesic dome home with sweeping Shenandoah River views near legendary Harpers Ferry. Three bedrooms of curved architectural wonder, surrounded by Civil War history, world-class whitewater, and the confluence of two great rivers."
"Luxury Glamping Dome in the Tennessee Highlands","grundy-dome-tn","Designer dome with forest views on the Cumberland Plateau","Gruetli-Laager, Tennessee","Tennessee","Southeast",2,"VRBO",195,4.89,61,4,1,false,false,false,"https://media.vrbo.com/lodging/90000000/90000000/89990600/89990591/37a4e0e7.jpg","https://www.vrbo.com/2066290","A luxury geodesic glamping dome on Tennessee's stunning Cumberland Plateau in Grundy County. High-design furnishings, forest panoramas, and proximity to Fall Creek Falls and South Cumberland's dramatic waterfall trails."
"Mountain Dome with Trout Stream","deep-gap-dome-nc","Glamping dome on a private Blue Ridge trout stream","Deep Gap, North Carolina","North Carolina","Southeast",2,"VRBO",165,4.92,83,2,1,false,false,false,"https://images.trvl-media.com/lodging/72000000/71110000/71108300/71108201/4413c0da.jpg","https://www.vrbo.com/1746200","A private geodesic glamping dome above a rushing trout stream in the Blue Ridge Mountains near Deep Gap, NC. Complete privacy, campfire included, and Appalachian Trail access — mountain solitude in its most elemental form."
"The Pearl — Geodesic Dome with Pool","pearl-dome-lecanto-fl","Poolside dome retreat on Florida's Nature Coast","Lecanto, Florida","Florida","Southeast",2,"Airbnb",245,4.94,56,4,2,false,false,false,"https://a0.muscache.com/im/pictures/hosting/Hosting-U3RheVN1cHBseUxpc3Rpbmc6MTIzNzEzMTc2MDUyMTg2OTIxNA%3D%3D/original/d444d185-22f8-47fc-94ee-3bab4f887827.jpeg","https://www.airbnb.com/rooms/1237131760521869214","The Pearl is a stunning geodesic dome on Florida's Nature Coast featuring a private pool, firepit, and wraparound deck. Modern dome architecture meets tropical Florida living, minutes from Crystal River's famous manatee encounters."
"Vermont Geodesic Glamping Dome","geodome-vernon-vt","Intimate glamping dome in the Green Mountains","Vernon, Vermont","Vermont","Northeast",2,"VRBO",175,4.91,48,2,1,false,false,false,"https://media.vrbo.com/lodging/97000000/96770000/96762400/96762304/e1b89a0d.jpg","https://www.vrbo.com/3560397","A cozy geodesic glamping dome tucked into the Vermont countryside near the Connecticut River Valley. Intimate and romantically designed with Green Mountain views — a true escape from the ordinary in the heart of New England."
"Outlier Inn — Catskills Farm Dome","outlier-inn-dome-ny","Large geodesic dome on a working Catskills farm","Woodridge, New York","New York","Northeast",2,"Airbnb",225,4.87,215,4,2,false,false,false,"https://a0.muscache.com/im/pictures/hosting/Hosting-U3RheVN1cHBseUxpc3Rpbmc6MTYwMjkzMg==/original/1e494105-1f88-4589-a48f-8206577a5b9a.jpeg","https://www.airbnb.com/rooms/1602932","Outlier Inn's standout geodesic dome perched on a working Catskills farm with panoramic mountain views. A genuine Pacific Dome structure with two bedrooms, farm-fresh surroundings, and easy access to hiking and swimming holes."
"Geodesic Dome in the Connecticut Woods","woodland-dome-bethlehem-ct","Magical forest dome in the Litchfield Hills","Bethlehem, Connecticut","Connecticut","Northeast",2,"Airbnb",195,4.85,167,4,2,false,false,false,"https://a0.muscache.com/im/pictures/13507508/edc9eb7f_original.jpg","https://www.airbnb.com/rooms/662409","A magical geodesic dome nestled in the Connecticut woods in the heart of the scenic Litchfield Hills. Two bedrooms, soaring dome ceilings, and a serene forest setting just 90 minutes from New York City."
"Bunny Bungalow Geodome Retreat","bunny-bungalow-dome-oh","Secluded romantic geodome near Wayne National Forest","New Lexington, Ohio","Ohio","Midwest",2,"VRBO",165,4.88,71,2,1,false,false,false,"https://media.vrbo.com/lodging/114000000/113300000/113291400/113291399/46f00793.jpg","https://www.vrbo.com/3635961","A spacious and romantic geodome getaway tucked into Perry County's rolling hills near Wayne National Forest. Cozy curved walls, private wooded setting, and all the charm of rural Ohio in an unexpected architectural form."
"The Penguin — Igloo Vibes in Hocking Hills","hocking-hills-dome-oh","Hot tub geodome with game barn in Ohio cave country","Sugar Grove, Ohio","Ohio","Midwest",2,"VRBO",225,4.9,124,4,2,false,false,false,"https://images.trvl-media.com/lodging/103000000/102480000/102477600/102477570/a9e0199a.jpg","https://www.vrbo.com/2277115","The Penguin brings igloo vibes to the heart of Ohio's Hocking Hills — a geodesic dome with a hot tub overlooking the forest plus a fully loaded game barn with pool, shuffleboard, and foosball. Caves and waterfalls minutes away."
"The Nord Star — Dome on Lake Superior","lake-superior-dome-mn","200 feet of private shoreline on the Great Lake","Two Harbors, Minnesota","Minnesota","Midwest",2,"Airbnb",350,4.97,38,6,3,false,false,false,"https://a0.muscache.com/im/pictures/miso/Hosting-1380772433553255971/original/9c85fedc-05f3-4a2f-8a55-a257c3f00445.jpeg","https://www.airbnb.com/rooms/1380772433553255971","The Nord Star — a 2,800 sq ft geodesic dome with 200 feet of private Lake Superior shoreline. Dramatic water views, agate beaches, and the wild North Shore of Minnesota make this an unforgettable Great Lakes getaway."
"8,000 Sq Ft Geodesic Dome Estate","eden-prairie-dome-mn","The most magical dome vacation home in Minnesota","Eden Prairie, Minnesota","Minnesota","Midwest",2,"VRBO",450,4.93,201,12,4,false,false,false,"https://media.vrbo.com/lodging/30000000/29490000/29485700/29485683/1dccb4bc.jpg","https://www.vrbo.com/4525303ha","An extraordinary 8,000-square-foot geodesic dome estate on the beach in Eden Prairie, minutes from Minneapolis. Four bedrooms, multiple dome structures, lakefront access — an experience so unique guests return year after year."
"Boho Geodesic Dome near Big Bend","boho-dome-terlingua-tx","Artisan dome nestled against Big Bend National Park","Terlingua, Texas","Texas","South",2,"VRBO",185,4.88,52,4,2,false,false,false,"https://media.vrbo.com/lodging/106000000/105820000/105814300/105814286/cc5e5616.jpg","https://www.vrbo.com/4038225","A southern boho-inspired geodesic dome nestled right up against Big Bend National Park in legendary Terlingua. Handcrafted interiors, desert garden, and the vast Chihuahuan sky overhead — off-grid meets artisanal comfort."
"Luxury Glamping Dome Near Big Bend","big-bend-dome-alpine-tx","Stargazing dome on the edge of West Texas wilderness","Alpine, Texas","Texas","South",2,"Airbnb",195,4.95,43,2,1,false,false,false,"https://a0.muscache.com/im/pictures/hosting/Hosting-U3RheVN1cHBseUxpc3Rpbmc6NTgyMDcwNzMxOTE3MzkwMTA3/original/95b46b9c-2fd6-4f68-99c2-c609129e78b1.jpeg","https://www.airbnb.com/rooms/582070731917390107","A luxury glamping dome 30 minutes from Big Bend National Park in the heart of West Texas dark sky country. Plush furnishings, panoramic desert views, and some of the clearest night skies in North America."
"Geodome Retreat Near Lake Travis","lake-travis-dome-tx","Tri-level renovated geodome in the Texas Hill Country","Leander, Texas","Texas","South",2,"Airbnb",250,4.82,89,6,3,false,false,false,"https://a0.muscache.com/im/pictures/6b6f3832-a666-460a-8a80-cf10444bc062.jpg","https://www.airbnb.com/rooms/45691321","A fully renovated tri-level geodome on a private road near Lake Travis and the Texas Hill Country. Three spacious levels of curved architecture with modern finishes, minutes from the lake, wine country, and Austin."
"The Dome on the Range","dome-range-phoenix-az","Sweeping mountain preserve views from a striking dome","Phoenix, Arizona","Arizona","Southwest",2,"Airbnb",295,4.87,176,6,3,false,false,false,"https://a0.muscache.com/im/pictures/monet/Select-23583843/original/30ecfe9b-f008-4a4f-9c5c-a2db092e6b70","https://www.airbnb.com/rooms/23583843","A striking geodesic dome home with sweeping views of the Phoenix Mountain Preserve. Three bedrooms, desert-contemporary design, and direct trail access to some of Phoenix's most dramatic hiking."
"Geodesic Earth Dome Near Taos","taos-earth-dome-nm","Adobe-style earth dome in the New Mexico high desert","El Prado, New Mexico","New Mexico","Southwest",2,"Airbnb",175,4.91,134,4,2,false,false,false,"https://a0.muscache.com/im/pictures/hosting/Hosting-1520648/original/101a3ed1-ba01-449b-8b94-ee6dd1a008cc.jpeg","https://www.airbnb.com/rooms/1520648","A charming light-filled geodesic earth dome embodying the unusual architecture Taos is famous for. Natural plasters, adobe details, and a prime El Prado location minutes from Taos Pueblo, Rio Grande Gorge, and world-class skiing."
"Summit County Geodesic Dome at 9,200 Feet","rockies-dome-wildernest-co","High-altitude dome cabin above the Colorado treeline","Silverthorne, Colorado","Colorado","West",2,"VRBO",225,4.85,87,6,2,false,false,false,"https://media.vrbo.com/lodging/19000000/18980000/18978000/18977905/de8c76f4.jpg","https://www.vrbo.com/644256","A one-of-a-kind geodesic dome cabin perched at 9,200 feet in the Colorado Rockies within the Wildernest community. Minutes from world-class skiing at Keystone and Breckenridge with breathtaking alpine views."
"Geo Dome in the Sierras","sierra-dome-arnold-ca","Beautiful dome home amid Sierra Nevada forest","Arnold, California","California","West",2,"VRBO",250,4.88,113,6,2,false,false,false,"https://media.vrbo.com/lodging/93000000/92860000/92858500/92858414/1cc22547.jpg","https://www.vrbo.com/1278523","A truly beautiful geodesic dome home nestled in Sierra Nevada forest with hiking trails from the front door. Two full baths, a fully equipped kitchen, king master suite, and stunning curved architecture throughout."
"Off-Grid Geodesic Dome with Views","nevada-city-dome-ca","Solar-powered dome in the Gold Country foothills","Nevada City, California","California","West",2,"Airbnb",195,4.93,54,3,1,false,false,false,"https://a0.muscache.com/im/pictures/fe7217ff-0b24-438d-880d-b94722c75bf5.jpg","https://www.airbnb.com/rooms/869404143773279174","A self-sufficient solar-powered geodesic dome with panoramic foothills views near charming Nevada City. Off-grid living with modern comforts — Sierra Nevada hiking, swimming holes, and Gold Rush history minutes away."
"Geodesic Dome + Forest Sauna","sequim-dome-wa","Off-grid dome with forest sauna near Olympic Peninsula","Sequim, Washington","Washington","West",2,"Airbnb",195,4.96,67,2,1,false,false,false,"https://a0.muscache.com/im/pictures/827c663b-9644-424f-8429-9d4adb2f6c41.jpg","https://www.airbnb.com/rooms/1016821362329735688","An architectural geodesic dome paired with a traditional forest sauna bathing experience on the Olympic Peninsula. Wildflower meadows, Dungeness Spit, and Pacific wilderness at your doorstep."
"San Juan Island Geodesic Dome","friday-harbor-dome-wa","Secluded dome with hot tub on San Juan Island","Friday Harbor, Washington","Washington","West",2,"Airbnb",275,4.92,98,4,2,false,false,false,"https://a0.muscache.com/im/pictures/hosting/Hosting-50758232/original/cdc6d849-525e-4712-a157-1b393732c56d.jpeg","https://www.airbnb.com/rooms/50758232","Unique and secluded geodesic dome perched on beautiful San Juan Island with private hot tub and sweeping views. Perfect base for whale watching, kayaking, and exploring the island's lavender farms and art scene."
"Dome Sweet Dome","dome-bend-or","Custom geodesic home in the heart of Bend","Bend, Oregon","Oregon","West",2,"Airbnb",225,4.89,142,6,3,false,false,false,"https://a0.muscache.com/im/pictures/hosting/Hosting-37815537/original/0d405fad-4e5a-4813-9847-7bbbaf9eb025.jpeg","https://www.airbnb.com/rooms/37815537","A lovingly renovated mid-century geodesic dome minutes from downtown Bend and the Deschutes River. Three bedrooms, soaring dome ceilings, and easy access to world-class mountain biking, skiing, and whitewater."
"A Walk in the Clouds — Blue Ridge A-Frame","north-georgia-aframe-blue-ridge","New A-Frame with mountain views above the Blue Ridge Valley","Blue Ridge, Georgia","Georgia","Southeast",7,"Airbnb",215,4.95,67,4,2,false,false,false,"https://a0.muscache.com/im/pictures/be87cfb0-560f-4ffd-b398-5105ea4e1b04.jpg","https://www.airbnb.com/rooms/719832599115843060","A thoughtfully designed modern A-Frame above the Blue Ridge Valley near Blue Ridge, Georgia — with stunning mountain views, steps from the Toccoa River, and close to North Georgia's vineyards and Appalachian trailheads."
"Blue Ridge River A-Frame","blue-ridge-river-aframe-wv","Riverside A-Frame under West Virginia Blue Ridge skies","Thurmond, West Virginia","West Virginia","Southeast",7,"VRBO",185,4.9,58,4,2,false,false,false,"https://images.trvl-media.com/lodging/83000000/82530000/82526700/82526691/14699410.jpg","https://www.vrbo.com/2871145","A riverside A-Frame in the New River Gorge area of West Virginia under towering Blue Ridge skies — 9 miles from McRitchie Winery and the best whitewater rafting in the East. A hidden gem in one of America's newest national parks."
"Stunning Double A-Frame — Mountain Views & Hot Tub","double-aframe-vilas-nc","Rare double-peak A-Frame in the High Country","West Jefferson, North Carolina","North Carolina","Southeast",7,"VRBO",255,4.92,73,8,3,false,false,false,"https://images.trvl-media.com/lodging/102000000/101300000/101297800/101297763/12152197.jpg","https://www.vrbo.com/3782050","A rare double-peak A-Frame in the NC High Country with a private hot tub and sweeping mountain views. Set near West Jefferson's New River and Ashe County's cheese country — one of the most architecturally distinctive cabins in the Southeast."
"Black Luxe A-Frame w/ Spa & Game Room","black-luxe-aframe-linden-va","New luxury A-Frame with spa, game room, and Shenandoah views","Linden, Virginia","Virginia","Southeast",7,"Airbnb",295,4.96,41,8,3,false,false,false,"https://a0.muscache.com/im/pictures/miso/Hosting-827901788894647563/original/50a9f36b-1c2f-4484-a810-1b8ae4844dba.jpeg","https://www.airbnb.com/rooms/827901788894647563","A brand-new matte-black luxury A-Frame in the Shenandoah foothills near Linden, VA — featuring a private spa, game room, movie room, and sweeping mountain views. Sleeps 8 comfortably with full high-end finishes throughout."
"Stargazer Cabin — A-Frame with Lake Views","stargazer-aframe-abingdon-va","Mountain lake A-Frame in the Virginia Blue Ridge","Abingdon, Virginia","Virginia","Southeast",7,"Airbnb",178,4.94,89,4,2,false,false,false,"https://a0.muscache.com/im/pictures/miso/Hosting-746354507922652794/original/5fc829e2-f9ec-47c7-9ec9-1eae09761c08.jpeg","https://www.airbnb.com/rooms/746354507922652794","A stunning A-Frame with panoramic lake and Blue Ridge Mountain views in the Virginia Highlands near Abingdon — gateway to the Virginia Creeper Trail and Mount Rogers National Recreation Area. Dark skies perfect for stargazing."
"Corner's Cabin — Catskills A-Frame","catskills-aframe-south-new-berlin-ny","Intimate Catskills hideaway on an old farm property","South New Berlin, New York","New York","Northeast",7,"Airbnb",165,4.93,147,4,2,false,false,false,"https://a0.muscache.com/im/pictures/f81293ae-9936-4a88-a9fc-fc4159138920.jpg","https://www.airbnb.com/rooms/51956014","A secluded A-Frame on a historic farm property in the Catskills hills near South New Berlin — off the tourist trail and deeply peaceful. Rolling pastures, a creek below, and total quiet just three hours from Manhattan."
"Warm Pine A-Frame in the White Mountains","white-mountains-aframe-nh","All-pine A-Frame cabin in Mount Washington valley","Center Conway, New Hampshire","New Hampshire","Northeast",7,"Airbnb",169,4.92,312,4,2,false,false,false,"https://a0.muscache.com/im/pictures/6d09e35f-c435-44df-91ba-84fcbe79f56b.jpg","https://www.airbnb.com/rooms/22585379","A warmly lit all-pine A-Frame nestled in the trees in Center Conway, gateway to White Mountain skiing, hiking, and foliage. Close to North Conway's shops and restaurants; feels like the quintessential New England cabin."
"A-Frame with Furnished Deck — Berkshires","berkshires-aframe-becket-ma","Berkshires A-Frame retreat surrounded by fall color","Becket, Massachusetts","Massachusetts","Northeast",7,"VRBO",195,4.9,67,4,2,false,false,false,"https://media.vrbo.com/lodging/100000000/99050000/99042000/99041972/52afcc10.jpg","https://www.vrbo.com/9872779ha","A classic A-Frame with a generous furnished deck deep in the Berkshires near Becket, Massachusetts. Walk to Jacob's Pillow Dance Festival in summer; watch fall foliage paint the surrounding hills in October."
"Stunning 2-Bedroom A-Frame with Cedar Sauna","sauna-aframe-saugerties-ny","Catskills A-Frame with Finnish sauna and mountain views","Saugerties, New York","New York","Northeast",7,"Airbnb",285,4.95,203,4,2,false,false,false,"https://a0.muscache.com/im/pictures/miso/Hosting-53924774/original/be128001-ad65-43bc-8339-c81a6a66f8d5.jpeg","https://www.airbnb.com/rooms/53924774","A Catskills A-Frame with a cedar barrel sauna, wrap-around deck with mountain views, and an all-wood interior that feels like a luxury Scandinavian ski lodge. Two hours from New York City, miles from distraction."
"A-Frame Retreat — Hot Tub on the Indian River","indian-river-aframe-mi","Riverfront A-Frame with hot tub in Northern Michigan","Indian River, Michigan","Michigan","Midwest",7,"Airbnb",195,4.93,78,4,2,false,false,false,"https://a0.muscache.com/im/pictures/hosting/Hosting-U3RheVN1cHBseUxpc3Rpbmc6ODk4NjYwMjk5MzM1MjUzMDI5/original/b435573e-5bfe-44a6-8e3c-0bbd14739897.jpeg","https://www.airbnb.com/rooms/898660299335253029","A riverfront A-Frame in the heart of Northern Michigan's inland lake country with a private hot tub overlooking the Indian River. Canoe the Inland Waterway, kayak to Burt Lake, and lose yourself in pure Michigan."
"Moody Lake Huron Escape A-Frame","lake-huron-aframe-ocqueoc-mi","Cozy A-Frame beside the lake with Great Lakes pine forest","Ocqueoc, Michigan","Michigan","Midwest",7,"Airbnb",165,4.92,97,4,2,false,false,false,"https://a0.muscache.com/im/pictures/1de8b3a4-adcb-47d2-809f-32ef335fa697.jpg","https://www.airbnb.com/rooms/715171804506609731","A moody, cozy A-Frame surrounded by Great Lakes pine forest near Ocqueoc Falls — the largest cascade in Michigan's Lower Peninsula. Fall color is legendary; winter is silent and snowy; summer brings warm Lake Huron waters."
"Secluded A-Frame Loft — Lincoln Hills Trail","lincoln-hills-aframe-irons-mi","Loft A-Frame on the Lincoln Hills Trail system in western Michigan","Irons, Michigan","Michigan","Midwest",7,"Airbnb",145,4.9,134,6,2,false,false,false,"https://a0.muscache.com/im/pictures/67a7a99b-d1d4-4c67-9d9e-e67f38325fa1.jpg","https://www.airbnb.com/rooms/49582645","A secluded A-Frame loft cabin directly on the Lincoln Hills Trail network in western Michigan — steps from Pere Marquette River kayaking and National Forest hiking. Three queen beds, full kitchen, and total forest solitude."
"Michigan A-Frame — Summer on the Lakes","northern-michigan-aframe-kalkaska","Classic Michigan A-Frame in the heart of lake country","Kalkaska, Michigan","Michigan","Midwest",7,"Airbnb",175,4.91,189,6,2,false,false,false,"https://a0.muscache.com/im/pictures/prohost-api/Hosting-32268883/original/0e2b10db-e0c9-4bb2-be84-271c88df2f3f.jpeg","https://www.airbnb.com/rooms/32268883","A classic A-Frame in Northern Michigan's legendary lake country near Kalkaska — the heart of Michigan's cherry orchards and crystal-clear inland lakes. Perfect for summer paddling, cycling, and Pure Michigan escapes."
"Stunning A-Frame on Canyon Lake","canyon-lake-aframe-tx","Remodeled A-Frame with direct Canyon Lake access","Canyon Lake, Texas","Texas","South",7,"VRBO",289,4.93,54,6,2,false,false,false,"https://media.vrbo.com/lodging/115000000/114380000/114377800/114377704/dabaca94.jpg","https://www.vrbo.com/3605736","A completely remodeled A-Frame home on Canyon Lake in the Texas Hill Country with direct lake access and beautiful water views. Step off the deck onto the lake for boating, swimming, and those legendary Texas sunsets."
"The Pedernales A-Frame","pedernales-aframe-fredericksburg-tx","Eight acres on the Pedernales River in Texas Hill Country","Fredericksburg, Texas","Texas","South",7,"VRBO",325,4.95,76,6,2,false,false,false,"https://media.vrbo.com/lodging/108000000/107580000/107580000/107579984/23b35659.jpg","https://www.vrbo.com/3757192","A brand-new A-Frame perched on 8 acres bordering the Pedernales River with sweeping Texas Hill Country vistas near Fredericksburg. Wine country, wildflowers, and a private river bend — the most beautiful address in the Hill Country."
"A-Frame with Loft — Coconino National Forest","coconino-aframe-flagstaff-az","Pine forest A-Frame on 1.5 acres bordering national forest","Flagstaff, Arizona","Arizona","Southwest",7,"VRBO",185,4.89,143,6,2,false,false,false,"https://images.trvl-media.com/lodging/19000000/18930000/18922600/18922534/7fe8fced.jpg","https://www.vrbo.com/589657","An A-Frame cabin on 1.5 private acres surrounded by towering Ponderosa Pines at the edge of Coconino National Forest. Flagstaff's walkable downtown and Grand Canyon South Rim are both within an hour."
"Modern A-Frame with Hot Tub — Pikes Peak","modern-aframe-florissant-co","Sleek mountain A-Frame with views of Pikes Peak","Florissant, Colorado","Colorado","West",7,"Airbnb",265,4.95,87,4,2,false,false,false,"https://a0.muscache.com/im/pictures/hosting/Hosting-835557583929454361/original/b6e79be2-9dcc-43bf-9073-7018f6e1c290.jpeg","https://www.airbnb.com/rooms/835557583929454361","A sleek, newly built A-Frame in the Colorado Rockies near Florissant with soaring mountain views of the Pikes Peak massif and a private hot tub. Dark skies, elk meadows, and crisp 9,000-ft air included."
"Private Lakeside A-Frame — North Idaho","lakeside-aframe-idaho","Hot tub, private beach, and docks on a North Idaho lake","Coeur d'Alene, Idaho","Idaho","West",7,"VRBO",279,4.93,112,8,3,false,false,false,"https://media.vrbo.com/lodging/39000000/38520000/38515200/38515138/f5f32298.jpg","https://www.vrbo.com/7261088ha","A private lakeside A-Frame in the Coeur d'Alene area with a hot tub, private beach, and boat docks — perfect four-season North Idaho adventure base. Swim and kayak in summer; ski Schweitzer in winter."
"A-Frame Cabin on the Clark Fork River","clark-fork-aframe-mt","Montana river cabin steps from world-class fly fishing","Thompson Falls, Montana","Montana","West",7,"VRBO",225,4.92,64,6,2,false,false,false,"https://media.vrbo.com/lodging/101000000/100990000/100988700/100988660/c5d86738.jpg","https://www.vrbo.com/9907566ha","A stunning A-Frame right on the banks of the Clark Fork River in the Cabinet Mountains wilderness of western Montana — steps from world-class fly fishing and miles from any crowd. Pure Montana escape."
"Classic Waterfront A-Frame — Mt Hood","waterfront-aframe-rhododendron-or","Waterfront A-Frame steps from Timberline Lodge skiing","Rhododendron, Oregon","Oregon","West",7,"VRBO",189,4.88,217,6,2,false,false,false,"https://images.trvl-media.com/lodging/103000000/102860000/102851400/102851336/054c988a.jpg","https://www.vrbo.com/388262","A quintessential Pacific Northwest A-Frame with a full kitchen and wraparound deck right on the water in Rhododendron, OR. Ski Timberline Lodge in winter, hike the PCT in summer — both minutes from the front door."
"A-Frame Cabin on the River — Near Seattle","river-aframe-riverbend-wa","Creekside A-Frame retreat in the Cascades foothills","Index, Washington","Washington","West",7,"VRBO",195,4.91,88,6,2,false,false,false,"https://media.vrbo.com/lodging/84000000/83810000/83810000/83809939/1a3855ed.jpg","https://www.vrbo.com/3223344","A classic A-Frame on the Skykomish River in the Cascade foothills, one hour from Seattle. The sound of the river fills every room and an outdoor fire pit makes evenings magic — perfect basecamp for Cascades hiking."
"PNW A-Frame — Hot Tub + Cascade Views","pnw-aframe-gold-bar-wa","Cascades A-Frame with hot tub and mountain panoramas","Gold Bar, Washington","Washington","West",7,"Airbnb",218,4.94,156,4,2,false,false,false,"https://a0.muscache.com/im/pictures/miso/Hosting-53846114/original/80619598-d944-435d-aaa6-16eb7f1b1531.jpeg","https://www.airbnb.com/rooms/53846114","A modern A-Frame nestled in the Central Cascades with a private hot tub and panoramic mountain views — 90 minutes from Seattle and minutes from Stevens Pass ski area. A/C for summer, fire for winter."
"Safari Tent — #1 Glamping Spot in the US","safari-tent-buena-vista-co","Colorado mountains, ranked America's top safari camping experience","Buena Vista, Colorado","Colorado","West",9,"Airbnb",155,4.96,389,2,1,false,false,false,"https://a0.muscache.com/im/pictures/fef6d59f-8094-4e40-b144-bfc96f0c3b2f.jpg","https://www.airbnb.com/rooms/13376549","Ranked #1 safari tent in ""23 Best Glamping Spots in the US."" A luxury canvas safari tent in the Colorado Rockies near the Arkansas Headwaters — plumbed, heated, with a king bed and mountain views that earned this listing its national ranking."
"Bayfield Rustic Yurt — Lake Superior Vista","terra-cotta-yurt-bayfield-wi","Backcountry yurt with a 0.8-mile hike to four Apostle Islands in view","Bayfield, Wisconsin","Wisconsin","Midwest",9,"Airbnb",98,4.91,178,2,1,false,false,false,"https://a0.muscache.com/im/pictures/acf99af7-4dcd-4dfd-b1c5-da8f2abdf36d.jpg","https://www.airbnb.com/rooms/28464309","A backcountry yurt perched on Bayfield County State Forest land with panoramic views of Lake Superior, Pikes Bay, and four Apostle Islands — requiring a short 0.8-mile hike to reach. The most dramatic scenery per dollar in Wisconsin."
"Turtle Yurts — Lake Superior","turtle-yurts-bayfield-wi","Colorado yurt with clear dome beside the Apostle Islands","Bayfield, Wisconsin","Wisconsin","Midwest",9,"Airbnb",125,4.94,209,2,1,false,false,false,"https://a0.muscache.com/im/pictures/0fed572f-f61b-478a-83d3-287f28b5fd91.jpg","https://www.airbnb.com/rooms/39278822","A 20-foot Colorado Yurt with a queen bed positioned beneath a clear dome for moon and star gazing. Full private bathroom, climate control, fire pit, and a short walk to the Apostle Islands National Lakeshore."
"Glamping Tent on the Shenandoah River","shenandoah-glamping-va","River glamping at the foot of Shenandoah National Park","Luray, Virginia","Virginia","Southeast",9,"Airbnb",175,4.95,43,2,1,false,false,false,"https://a0.muscache.com/im/pictures/hosting/Hosting-1355763275197420541/original/ab725083-1a8a-40d7-9446-bb2179ef7f91.jpeg","https://www.airbnb.com/rooms/1355763275197420541","A brand-new glamping tent on the banks of the Shenandoah River in Luray, Virginia — gateway to Shenandoah National Park, Luray Caverns, and the Skyline Drive. Wake to river sounds and Blue Ridge silhouettes."
"Hill Country Yurt — Marble Falls","marble-falls-yurt-tx","Texas Hill Country glamping at 4.96 stars","Marble Falls, Texas","Texas","South",9,"Airbnb",135,4.96,247,2,1,false,false,false,"https://a0.muscache.com/im/pictures/prohost-api/Hosting-50381908/original/38d7f4f0-4a4e-4b7a-8239-ed0702e977a3.jpeg","https://www.airbnb.com/rooms/50381908","A 4.96-star yurt in the heart of Texas Hill Country near Marble Falls and Lake LBJ. Private bathroom, fire pit, and wide-open Hill Country skies — one of the most consistently top-rated glamping yurts in the South."
"Dreamy Colorado Farm Yurt","dreamy-yurt-steamboat-co","1 of 23 best glamping spots in the US — authentically intimate","Steamboat Springs, Colorado","Colorado","West",9,"Airbnb",145,4.97,312,4,1,false,false,false,"https://a0.muscache.com/im/pictures/32c55fa8-ebd2-4b70-a8b2-c73b2a932d77.jpg","https://www.airbnb.com/rooms/13606656","Featured as one of the 23 best glamping spots in the United States. A farm-stay yurt in the Colorado Rockies radiating the authentically intimate warmth that sophisticated glampers seek. Mountain air, farm mornings, and starry nights."
"Yurt Glamping on Historic Oregon Vineyard","vineyard-yurt-elkton-or","Wine country glamping in the heart of the Umpqua Valley","Elkton, Oregon","Oregon","West",9,"Airbnb",159,4.92,187,4,1,false,false,false,"https://a0.muscache.com/im/pictures/63335108/9b5fab99_original.jpg","https://www.airbnb.com/rooms/5059980","A spacious glamping yurt nestled among mature oak trees on a historic Oregon vineyard in the Umpqua wine region. Award-winning wineries within walking distance; the yurt is set on 5.5 private acres with stunning valley views."
"Glamping Yurt on an Adirondack Farm","farm-yurt-granville-ny","Millpond views and farm life in the Adirondack foothills","Granville, New York","New York","Northeast",9,"VRBO",148,4.89,93,6,1,false,false,false,"https://media.vrbo.com/lodging/121000000/120980000/120976300/120976300/aeb1394b.jpg","https://www.vrbo.com/4870506","A charming glamping yurt overlooking a millpond on a working farm in the Adirondack foothills — six miles from Vermont and close to Barkley Pond and Cossayuna Lake. Includes fishing poles and fire pit access."
"Secluded Yurt on the Blue Ridge Pkwy — Hot Tub","blue-ridge-yurt-asheville-nc","Private yurt with hot tub, 15 minutes from downtown Asheville","Asheville, North Carolina","North Carolina","Southeast",9,"VRBO",198,4.91,119,2,1,false,false,false,"https://media.vrbo.com/lodging/34000000/33750000/33741700/33741655/9e0c71a0.jpg","https://www.vrbo.com/1136597","A secluded yurt right on the Blue Ridge Parkway with a private hot tub, direct access to the Mountains-to-Sea Trail, and just 15 minutes from Asheville's world-class dining and music scene."
"Cherry Blossom Yurt — Lookout Mountain","lookout-mountain-yurt-ga","Romantic yurt on the Georgia-Tennessee ridge with Chattanooga views","Rising Fawn, Georgia","Georgia","Southeast",9,"VRBO",179,4.9,62,2,1,false,false,false,"https://media.vrbo.com/lodging/75000000/74070000/74065200/74065160/c179d55b.jpg","https://www.vrbo.com/2591291","A romantic yurt perched atop Lookout Mountain on the Georgia-Tennessee state line, overlooking Chattanooga and the Tennessee River Valley. Spring brings explosive cherry blossoms; autumn brings fiery ridge panoramas."
"Luxury Glamping Yurt with Private Lake","luxury-yurt-conyers-ga","Secluded 80-acre retreat with canoe and hiking trails","Conyers, Georgia","Georgia","Southeast",9,"VRBO",266,4.93,88,5,1,false,false,false,"https://images.trvl-media.com/lodging/72000000/71010000/71004300/71004283/c63ec29b.jpg","https://www.vrbo.com/1744834","A luxury glamping yurt perched on 80 secluded acres near Conyers with a private lake, canoe, scenic hiking trails, and a fireplace — yet only 30 miles east of Atlanta. Deck views of the water are the highlight."
"Luxury Yurts on Lake Grapevine","lake-grapevine-yurts-tx","Lakefront glamping minutes from DFW","Grapevine, Texas","Texas","South",9,"VRBO",259,4.9,201,4,1,false,false,false,"https://images.trvl-media.com/lodging/34000000/33120000/33116600/33116597/3087cab4.jpg","https://www.vrbo.com/7454388ha","Resort-quality glamping yurts on the shore of Lake Grapevine, just 25 minutes from DFW Airport. Luxury beds, private bathroom, and lakeside fire pits. The fastest escape from Dallas to waterfront nature."
"Secluded Yurt Among Waterfalls and Cliffs","waterfalls-yurt-ulster-ny","A yurt wrapped in Hudson Valley waterfalls and forest","Ulster Park, New York","New York","Northeast",9,"VRBO",149,4.93,98,2,1,false,false,false,"https://media.vrbo.com/lodging/38000000/37140000/37130900/37130808/6e24535b.jpg","https://www.vrbo.com/1654360","Totally secluded in the Hudson Valley, this yurt is surrounded by waterfalls, brooks, sandstone cliffs, and old-growth forest. Two hours from NYC and a world away — one of the most serene escapes in the Northeast."
"Yurt Glamping — Quiet Side of Acadia","acadia-yurt-me","Acadia's peaceful shore far from the Bar Harbor crowds","Southwest Harbor, Maine","Maine","Northeast",9,"VRBO",168,4.91,134,4,1,false,false,false,"https://media.vrbo.com/lodging/35000000/34330000/34327400/34327322/b4876c6b.jpg","https://www.vrbo.com/663097","A fully outfitted yurt on the undiscovered ""quiet side"" of Acadia — the island's best hiking trails and sea kayaking without the bar Harbor crowds. Queen bed, full bathroom, and mountain views included."
"Private Yurt on 20 Wooded Acres","huron-forest-yurt-mi","Pet-friendly hideaway beside Huron-Manistee National Forest","Baldwin, Michigan","Michigan","Midwest",9,"VRBO",115,4.88,76,2,1,false,false,false,"https://images.trvl-media.com/lodging/65000000/64690000/64687200/64687122/d716e919.jpg","https://www.vrbo.com/1414292","A private yurt on 20 secluded acres bordering Huron-Manistee National Forest in central Michigan. Near the Shrine of the Pines and the Pere Marquette River. Pets welcome. Perfect for canoe camping basecamp."
"Luxury Glamping Yurt with Loft","luxury-yurt-sears-mi","Wood-fired hot tub under Michigan stars near Big Lake","Sears, Michigan","Michigan","Midwest",9,"VRBO",185,4.94,112,4,2,false,false,false,"https://media.glampinghub.com/CACHE/images/accommodations/isolated-yurt-great-disconnect-recharge-sears-mich-glamping-0e0b4d1c-103f-4b7e-8c33-ad4c2cd95197/50ae8fd327a8399f610c8ead68a8cd1e.jpg","https://www.vrbo.com/3269289","A spacious yurt with a sleeping loft in Michigan's pristine north woods, anchored by a wood-fired hot tub you stoke yourself under a canopy of stars. Big Lake access and total quiet — this is what off-grid luxury feels like."
"Luxury Glamping Yurt Resort — Escalante","escalante-yurt-resort-ut","Private bath and stargazing between five national parks","Escalante, Utah","Utah","Southwest",9,"VRBO",289,4.95,143,2,1,false,false,false,"https://escalanteyurts.com/wp-content/uploads/2022/10/Escalante-Yurts-Luxury-Yurts-yurt-at-sunset.png","https://www.vrbo.com/3363240","A luxury yurt resort 0.5 miles from Grand Staircase-Escalante National Monument, equidistant between all five Utah national parks. Private bathroom, gourmet breakfast, and slot canyon hikes straight from camp."
"Hideaway Glamping Yurt","solar-yurt-bellingham-wa","Solar-powered yurt with a clear stargazing skydome","Bellingham, Washington","Washington","West",9,"VRBO",138,4.92,87,2,1,false,false,false,"https://hipcamp-res.cloudinary.com/images/f_auto,c_limit,w_3840,q_auto/v1675442638/campground-photos/vn0jaifbi8mhitk0jjy2/hideaway-glamping-hideaway-glamping-yurt-pacific-northwest.jpg","https://www.vrbo.com/2586211","A completely solar-powered yurt hidden among Alder and Pine trees outside Bellingham, with a clear skydome for star-gazing from bed. Private deck, fire pit, grill, and deep forest silence just 20 minutes from the Cascades."
"Collective Governors Island","collective-governors-island-ny","NYC skyline views from a car-free glamping island","New York City, New York","New York","Northeast",9,"Direct",299,4.8,890,2,1,false,false,false,"https://bunny-wp-pullzone-vo6lhus8ou.b-cdn.net/wp-content/uploads/sites/2/2022/04/Copy-of-collectiveretreats-404.jpg","https://collectiveretreats.com/governors-island/","Luxury tents with 1,500-thread-count sheets on car-free Governors Island — 8 minutes by ferry from Lower Manhattan. Wake to the Statue of Liberty framed in your tent door with the Manhattan skyline glowing at dusk."
"Under Canvas Glacier","undercanvas-glacier-mt","Canvas tents at the doorstep of Going-to-the-Sun Road","Columbia Falls, Montana","Montana","West",9,"Direct",349,4.9,1890,4,1,false,false,false,"https://www.undercanvas.com/wp-content/uploads/2021/08/DSC09107_hero-1120x653.jpg","https://www.undercanvas.com/camps/glacier/","Condé Nast Traveler's Top 20 US resort, 7 miles from Glacier National Park's west entrance. Sleep in luxury canvas tents with king beds and wood-burning stoves, then hike 700 miles of Big Sky trails at dawn."
"Under Canvas Great Smoky Mountains","undercanvas-smoky-mountains-tn","Safari luxury on 182 acres at America's most visited park","Gatlinburg, Tennessee","Tennessee","Southeast",9,"Direct",289,4.9,3180,4,1,false,false,false,"https://www.undercanvas.com/wp-content/uploads/2021/08/UC-Smoky-Mountains-348-1-scaled-e1604942306169.jpg","https://www.undercanvas.com/camps/great-smoky-mountains/","Named ""Best Resort in the South"" by Travel + Leisure, this 182-acre glamping resort sits 10 miles from Gatlinburg. Stargazer tents let you fall asleep to the Milky Way above the most visited national park in America."
"Under Canvas Moab","undercanvas-moab-ut","DarkSky safari tents beneath the canyon rim","Moab, Utah","Utah","Southwest",9,"Direct",349,4.9,2140,4,1,false,false,false,"https://www.undercanvas.com/wp-content/uploads/2023/11/DSC05591-1-scaled.jpg","https://www.undercanvas.com/camps/moab/","Safari tents 7 miles from Arches National Park in a DarkSky-certified resort. King beds with West Elm furnishings, wood-burning stoves, and campfire s'mores under the most dramatic skies in the American Southwest."
"AutoCamp Catskills","autocamp-catskills-ny","Scenic sleepers for city slickers in the Catskills","Saugerties, New York","New York","Northeast",9,"Direct",219,4.8,634,4,1,false,false,false,"https://www.ahotellife.com/wp-content/uploads/2022/09/F-1.jpg","https://autocamp.com/location/catskills/","Retro-chic Airstreams tucked into the Catskill Mountains, minutes from Woodstock and an hour from Manhattan. Hike, ski Hunter Mountain, or simply decompress in one of the country's most beloved creative communities."
"AutoCamp Yosemite","autocamp-yosemite-ca","Wake up in the Sierra foothills, Airstream style","Midpines, California","California","West",9,"Direct",279,4.8,1247,4,1,false,false,false,"https://www.livelikeitstheweekend.com/wp-content/uploads/2022/04/where-to-stay-in-Yosemite-Autocamp.jpg","https://autocamp.com/location/yosemite/","Polished Airstream suites on the banks of the Merced River, 30 miles from Yosemite Valley. Pool, complimentary coffee, EV charging, and guided shuttle service straight to El Capitan and Half Dome."
"AutoCamp Joshua Tree","autocamp-joshua-tree-ca","Airstream luxury at the edge of the national park","Joshua Tree, California","California","Southwest",9,"Direct",229,4.8,892,2,1,false,false,false,"https://bradajohnson.net/wp-content/uploads/2022/05/AutoCampJoshuaTree_264A8661-1-1920x1280.jpg","https://autocamp.com/location/joshua-tree/","Gleaming 31-foot Airstreams set against the otherworldly boulder landscape of Joshua Tree. Heated pool, EV charging, and curated stargazing events — all five minutes from the park entrance."
"Elevated Escape — Treehouse + Hot Tub","elevated-escape-treehouse-nc","Hot tub on deck, 16 feet high, with Blue Ridge mountain panoramas","Marion, North Carolina","North Carolina","Southeast",1,"Airbnb",229,4.92,68,4,1,false,false,false,"https://a0.muscache.com/im/pictures/fe7217ff-0b24-438d-880d-b94722c75bf5.jpg","https://www.airbnb.com/rooms/846918536791614106","Suspended 16 feet in the trees with a hot tub on deck and sweeping Blue Ridge panoramas. Marion is the quiet gateway between Asheville and the Linville Gorge Wilderness — North Carolina's most dramatic backcountry."
"Treehouse near the Great Smoky Mountains","smoky-mountains-treehouse-nc","Sweeping Smoky Mountain views from a treetop perch in Bryson City","Bryson City, North Carolina","North Carolina","Southeast",1,"VRBO",150,4.89,97,5,2,false,false,false,"https://media.vrbo.com/lodging/24000000/23340000/23336900/23336814/4f35ba5f.jpg","https://www.vrbo.com/1264122","A family-friendly treehouse with sweeping Great Smoky Mountains views just outside Bryson City, NC. Full kitchen, games, and hiking access make it a perfect base for exploring the most visited national park in the US."
"Treehouse with Stunning Views — Pisgah Forest","treehouse-pisgah-nc","Wood-burning stove and DuPont forest trails out the door","Brevard, North Carolina","North Carolina","Southeast",1,"VRBO",125,4.87,78,4,1,false,false,false,"https://media.vrbo.com/lodging/34000000/33970000/33965300/33965248/fb16034d.jpg","https://www.vrbo.com/1036767","A cozy treehouse with stunning forest views perched on the edge of Pisgah National Forest — with a wood-burning stove and direct access to DuPont State Forest's famous waterfall trails. Brevard is the gateway to Blue Ridge cycling."
"Luxury Treehouse with Hot Tub, Sauna & Pond","luxury-treehouse-dahlonega-ga","Putting green, private pond, and full luxury amenities in North Georgia","Dahlonega, Georgia","Georgia","Southeast",1,"Airbnb",340,4.96,183,4,2,false,false,false,"https://a0.muscache.com/im/pictures/hosting/Hosting-1231097252215355142/original/fa11b91f-e9ff-4b49-9cf7-7986f1e0abea.jpeg","https://www.airbnb.com/rooms/1231097252215355142","A full luxury treehouse experience in the North Georgia mountains — hot tub, private sauna, stocked fishing pond, and a putting green. Set among the vineyards and gold-rush history of Dahlonega wine country."
"Modern Treehouse on the Toccoa — Waterfall + Hot Tub","toccoa-waterfall-treehouse-ga","Private waterfall, hot tub, and mountain views in Blue Ridge","Blue Ridge, Georgia","Georgia","Southeast",1,"Airbnb",315,4.97,224,4,2,true,false,false,"https://a0.muscache.com/im/pictures/hosting/Hosting-1310804205226811702/original/809852d2-c3dd-4088-a11c-4378f2acf1da.jpeg","https://www.airbnb.com/rooms/1310804205226811702","A modern treehouse on the Toccoa River with a private waterfall cascading below the deck. Hot tub, mountain views, and the Blue Ridge trail network at your doorstep. One of the most photographed new treehouses in the Southeast."
"Secluded Intown Treehouse","secluded-intown-treehouse-ga","Airbnb's original #1 Most Wished-For listing — three cabins, rope bridges, Atlanta","Atlanta, Georgia","Georgia","Southeast",1,"Airbnb",195,4.97,1820,2,1,true,true,false,"https://treehousemap.com/wp-content/uploads/2014/12/airbnb-treehouse-in-Atlanta.jpg","https://www.airbnb.com/rooms/1415908","Three rustic cabins connected by rope bridges with fairy lights — built from 80-year-old recycled windows by Peter Bahouth in a lush intown Atlanta forest. Once Airbnb's #1 Most Wished-For listing in the world, with over 1,800 reviews."
"Willow Treehouse","willow-treehouse-ny","Architect-designed glass cabin on 34 private acres near Woodstock","Willow, New York","New York","Northeast",1,"Airbnb",295,4.97,198,2,1,false,true,false,"https://a0.muscache.com/im/pictures/fe7217ff-0b24-438d-880d-b94722c75bf5.jpg","https://www.airbnb.com/rooms/13761529","UK architect Antony Gibbon's 500 sq ft glass treehouse on 34 wooded acres — overlooking a private swimmable pond. Wood-fired hot tub, vinyl collection, intentionally no WiFi or cell service. 15 minutes from Woodstock."
"Modern Treehouse in Truro Hills","cape-cod-treehouse-ma","Cape Cod Bay views from the treetops — sleeps eight","Truro, Massachusetts","Massachusetts","Northeast",1,"VRBO",354,4.88,71,8,3,false,false,false,"https://media.vrbo.com/lodging/34000000/33570000/33569100/33569018/56c71d4e.jpg","https://www.vrbo.com/4837047ha","A modern three-bedroom treehouse perched in the Truro hills with a breathtaking deck overlooking Cape Cod Bay. Spacious enough for two families, positioned between Provincetown and Wellfleet."
"Two-Story Treehouse — Lake Sunapee","lake-sunapee-treehouse-nh","Modern treehouse with lake access and ski resort nearby","Newbury, New Hampshire","New Hampshire","Northeast",1,"VRBO",456,4.91,89,4,2,false,false,false,"https://images.trvl-media.com/lodging/61000000/60670000/60662500/60662486/c48263e9.jpg","https://www.vrbo.com/2133966","A two-story treehouse blending rustic character with modern amenities — with a wrap-around deck, Lake Sunapee access, and Mount Sunapee ski resort nearby. Old-world charm meets contemporary New England."
"Treehouse near Bar Harbor","bar-harbor-treehouse-me","Whirlpool, sauna, and fireplace steps from Acadia National Park","Bar Harbor, Maine","Maine","Northeast",1,"VRBO",516,4.9,78,6,2,false,false,false,"https://media.vrbo.com/lodging/42000000/41460000/41454400/41454392/d8c0cea3.jpg","https://www.vrbo.com/1776913","A luxurious treehouse set in cedar, maple, and pine near Bar Harbor — with a whirlpool tub, private sauna, stone fireplace, and spacious deck. Acadia National Park's trails are minutes away."
"A Four Seasons Tree House","four-seasons-treehouse-mn","Rock Lake views and a hot tub in the Minnesota northwoods","Burtrum, Minnesota","Minnesota","Midwest",1,"VRBO",200,4.77,52,9,3,false,false,false,"https://media.vrbo.com/lodging/34000000/33720000/33713900/33713888/f85765e1.jpg","https://www.vrbo.com/736892","A three-bedroom treehouse on the shores of Rock Lake in the Minnesota northwoods — with a hot tub, walking trails, and year-round wildlife. One of the few treehouses in the Upper Midwest that sleeps a full family."
"Hocking Hills Treehouse","hocking-hills-treehouse-oh","Hillside sanctuary above the Ohio gorges with a luxury interior","South Bloomingville, Ohio","Ohio","Midwest",1,"VRBO",245,4.93,138,4,1,false,false,false,"https://media.vrbo.com/lodging/34000000/33500000/33494300/33494210/47b9d625.jpg","https://www.vrbo.com/1163394","Perched on a wooded hillside above the famous Hocking Hills gorges — with incredible forested canyon views and a surprisingly luxurious interior. Ash Cave and Old Man's Cave are minutes away."
"87 Getaway Treehouse Escape","87-getaway-treehouse-ar","Wrap-around deck and jacuzzi tub deep in the Ozarks","Mountain View, Arkansas","Arkansas","South",1,"VRBO",177,4.91,98,4,1,false,false,false,"https://media.vrbo.com/lodging/27000000/26770000/26770000/26769995/09e9baac.jpg","https://www.vrbo.com/1131237","A secluded Ozark escape with a king bed, wrap-around deck, jacuzzi tub, and fire pit — set among the hardwood ridges near Mountain View, Arkansas's folk music capital. Buffalo National River is nearby."
"Daniel Boone Forest Treehouse","daniel-boone-treehouse-ky","Wooded hillside retreat in Daniel Boone National Forest","Corbin, Kentucky","Kentucky","South",1,"VRBO",258,4.86,67,5,2,false,false,false,"https://media.vrbo.com/lodging/101000000/100780000/100779700/100779677/8ef39f3c.jpg","https://www.vrbo.com/7623743ha","A wooded hillside retreat deep in Daniel Boone National Forest with two fireplaces, a large outdoor deck, and direct access to hiking and biking trails. Close to Cumberland Falls State Resort Park."
"Out On A Limb","out-on-a-limb-pigeon-forge-tn","Stone fireplace and Smoky Mountain forest canopy views","Pigeon Forge, Tennessee","Tennessee","South",1,"VRBO",289,4.89,128,4,2,false,false,false,"https://images.trvl-media.com/lodging/79000000/78470000/78465300/78465246/395679b5.jpg","https://www.vrbo.com/1642965","Rustic-modern treehouse with a floor-to-ceiling stone fireplace, elevated among the Smoky Mountain treetops near Pigeon Forge. Modern comforts meet the raw beauty of the Appalachians."
"The Elm at Treehouse Grove","elm-treehouse-grove-tn","Pete Nelson's luxury creek-side treehouse in the Smokies","Gatlinburg, Tennessee","Tennessee","South",1,"VRBO",568,4.97,452,4,2,false,true,false,"https://media.vrbo.com/lodging/54000000/53830000/53828300/53828216/e0965347.jpg","https://www.vrbo.com/1988135","Designed by Pete Nelson of Animal Planet's Treehouse Masters, The Elm is part of Treehouse Grove at Norton Creek — a collection of luxury treehouses perched over mountain streams in the heart of the Smokies."
"Romantic Treehouse — Sauna, Hot Tub & Fire Pits","treehouse-sauna-tn","Perched 15 feet in the forest, one hour from Nashville","Bloomington Springs, Tennessee","Tennessee","South",1,"Airbnb",380,4.93,318,2,1,true,false,false,"https://a0.muscache.com/im/pictures/prohost-api/Hosting-32265723/original/7dd55c16-3a9a-4e23-9482-3eb117e06005.jpeg","https://www.airbnb.com/rooms/32265723","A private treehouse 15 feet above the forest floor — with a hot tub, Finnish sauna, and fire pits — deep in Tennessee's Upper Cumberland. One hour from Nashville, 15 minutes from Cookeville."
"Escape the City — Extraordinary Treehouse","dallas-city-treehouse-tx","Japanese maples, a running brook, and a footbridge — inside Dallas city limits","Dallas, Texas","Texas","South",1,"VRBO",265,4.86,74,4,2,false,false,false,"https://media.vrbo.com/lodging/105000000/104130000/104129200/104129197/7434ca17.jpg","https://www.vrbo.com/1129722","A wooded sanctuary inside Dallas city limits — complete with Japanese maples, a running brook, gravel footpaths, and a charming rope footbridge. The city disappears the moment you arrive."
"The Treehouse On Lake Travis","lake-travis-treehouse-tx","Panoramic lake views, hot tub, and marina access in the Texas Hill Country","Lakeway, Texas","Texas","South",1,"VRBO",259,4.88,97,4,2,false,false,false,"https://media.vrbo.com/lodging/25000000/24160000/24154100/24154071/17bbea7a.jpg","https://www.vrbo.com/4968220ha","Perched above Lake Travis's south shore with panoramic windows and a wrap-around deck. Hot tub, heated pool, fireplace, and marina access within walking distance. Austin is 30 minutes east."
"Treetop at East Zion Resort","east-zion-treetop-ut","Panoramic canyon views perched at the edge of Zion National Park","Orderville, Utah","Utah","West",1,"VRBO",162,4.94,82,3,1,false,false,false,"https://media.vrbo.com/lodging/49000000/48230000/48225200/48225169/c7291d92.jpg","https://www.vrbo.com/1910808","Newly built treetop cabin on a mesa overlooking the East Zion landscape. Rustic character meets modern flair — private bath, kitchenette, fireplace, and BBQ grill. The entrance to Zion National Park is 30 minutes west."
"Maristella's Treehouse","maristellas-treehouse-ca","Six-person hot tub, three bedrooms, deep in Sonoma wine country","Monte Rio, California","California","West",1,"VRBO",287,4.87,94,8,3,false,false,false,"https://images.trvl-media.com/lodging/19000000/19000000/18994000/18993958/508953d1.jpg","https://www.vrbo.com/1098162","Three-bedroom treehouse set in Sonoma's Russian River wine country with a six-person hot tub, large deck with fire table, BBQ, and games room. The redwood forest surrounds on all sides — and the vineyards are minutes away."
"TreeHouse Point — Temple of the Blue Moon","treehouse-point-temple-wa","Old-growth forest sanctuary inspired by Parthenon lines","Fall City, Washington","Washington","West",1,"Direct",489,4.96,520,2,1,false,true,false,"https://images.squarespace-cdn.com/content/v1/65cd0482d3c59114f98ec0de/94918a71-ab73-4375-b8f1-2c649c6e50dc/THP_Property_Hero.jpg","https://www.treehousepoint.com/stay","Pete Nelson's flagship retreat — the first treehouse built at TreeHouse Point in Fall City, WA. Inspired by classical Parthenon lines with sweeping views of the Raging River through 250 sq ft of forest sanctuary, 30 minutes from Seattle."
"Rocky Mountain Treehouse","rocky-mountain-treehouse-co","A legendary treetop escape built in 1971, still perched 25 feet above Cattle Creek","Carbondale, Colorado","Colorado","West",1,"Airbnb",285,4.93,287,4,1,false,true,false,"https://a0.muscache.com/im/pictures/6e945427-efd0-45c5-864f-08c2a4649388.jpg","https://www.airbnb.com/rooms/5839043","Built in 1971 and featured worldwide, this legendary treehouse has been hosting guests for over 50 years — 25 feet above Cattle Creek in the Roaring Fork Valley. A true back-to-nature escape near Aspen."
"Raven's Nest Treehouse","ravens-nest-treehouse-mt","Crow's nest perch in a Montana old-growth forest","Columbia Falls, Montana","Montana","West",1,"Airbnb",399,4.92,147,2,1,false,false,false,"https://a0.muscache.com/im/pictures/80e82bbd-8a43-44cb-86ec-e4c03bb25d7d.jpg","https://www.airbnb.com/rooms/41068603","The second of two treehouses at the award-winning Montana Treehouse Retreat — set high in the forest canopy with a crow's nest deck for stargazing. Minutes from Whitefish Mountain Resort, 30 minutes from Glacier."
"Meadowlark Treehouse at Montana Treehouse Retreat","meadowlark-treehouse-mt","Two living trees grow straight through the floor and ceiling","Columbia Falls, Montana","Montana","West",1,"Airbnb",429,4.86,312,4,1,true,true,false,"https://a0.muscache.com/im/pictures/5694b105-e2f2-4b7d-b52f-ea2cb2885008.jpg","https://www.airbnb.com/rooms/18627194","Two living trees grow through the interior and all four decks of this artistically designed two-story treehouse. Featured on HGTV, DIY Network, and Outside Magazine. Glacier National Park is 30 minutes away."
"Southampton Village — Heated Pool & Level 2 EV Charger","ev-beach-house-hamptons","Arrive green, steps from the ocean","Southampton, New York","New York","Northeast",10,"Airbnb",644,5,34,2,1,false,false,false,"https://a0.muscache.com/im/pictures/hosting/Hosting-U3RheVN1cHBseUxpc3Rpbmc6MTM4NDI4NjE0NDUyNjM5MzE0NQ==/original/749348c7-1c09-4a04-909e-260fe1044abc.jpeg?im_w=720&width=720&quality=70&auto=webp","https://www.airbnb.com/rooms/1384286144526393145","A private studio in Southampton Village, just two blocks from historic Main Street and less than a mile from the ocean beach. Features a heated gunite pool, private entrance, and a Level 2 J1772 EV charger for overnight charging."
"Asheville Cabin with Hot Tub, Fire Pit & EV Charger","ev-cabin-asheville","Eco-conscious mountain escape near Asheville","Fletcher, North Carolina","North Carolina","Southeast",7,"Airbnb",408,4.84,78,4,2,false,false,false,"https://a0.muscache.com/im/pictures/hosting/Hosting-1535559143634049746/original/791d6e0e-8336-4ccf-84c1-5f29ce1aad95.jpeg?im_w=720&width=720&quality=70&auto=webp","https://www.airbnb.com/rooms/1535559143634049746","A mountain escape where modern design meets the whisper of the pines, just outside Asheville. Cozy mornings with coffee on the deck, evenings by the fire pit, and a universal EV charger for your electric vehicle."
"Vineyard Farmhouse with Pool & Mt. Helena Views","ev-farmhouse-napa","Wine country charm with EV charging","Calistoga, California","California","West",5,"Airbnb",485,4.97,167,6,3,false,false,false,"https://a0.muscache.com/im/pictures/prohost-api/Hosting-8842811/original/cf442a85-bd4b-45d1-b51e-73fa4377f806.jpeg?im_w=720&width=720&quality=70&auto=webp","https://www.airbnb.com/rooms/8842811","A private vineyard farmhouse with a brand-new pool and panoramic Mt. Helena views. Set among the vines just 15 minutes from Calistoga, this recently styled retreat blends wine country charm with modern comfort and EV charging."
"The Morandi House — Salt Pool, Spa & EV Charger","ev-modern-villa-palm-springs","Mid-century modern with Tesla charging","Palm Springs, California","California","Southwest",8,"Airbnb",405,4.92,234,6,3,false,false,false,"https://a0.muscache.com/im/pictures/miso/Hosting-21368856/original/d5199d85-8c22-4d02-9764-c6121a07faec.jpeg?im_w=720&width=720&quality=70&auto=webp","https://www.airbnb.com/rooms/21368856","A newly remodeled modern getaway in Palm Springs featuring a salt pool/spa, EV charger, and minutes from downtown. The quintessential mid-century Palm Springs experience with full EV charging capability."
"Rocky Mountain High RV Park","rv-mountains-colorado","Altitude and attitude","Estes Park, Colorado","Colorado","West",9,"Direct",95,4.88,445,8,1,false,false,false,"https://a0.muscache.com/im/pictures/miso/Hosting-820900039863388893/original/8e70383d-e0c6-4573-8911-45aa546c623a.jpeg","https://www.reserveamerica.com","Gateway to Rocky Mountain National Park — full hookup sites with elk grazing past your rig at dawn. Trailheads within walking distance. The most convenient base camp in Colorado."
"Big Sur Coastal RV Spot","rv-coast-california","Park at the edge of the Pacific","Big Sur, California","California","West",9,"Direct",120,4.95,312,6,1,false,true,false,"https://a0.muscache.com/im/pictures/hosting/Hosting-1154387587498337571/original/6791569b-bf1a-47a2-ba7b-d72ae2f6d354.png","https://www.reservecalifornia.com","One of the most coveted RV spots on the Pacific Coast — a cliffside site overlooking the Big Sur coastline. Full hookups, whale watching from your site, and the most dramatic sunsets in California."
"Green Acres RV Farm Stay","rv-farm-vermont","Park among the apple orchards","Woodstock, Vermont","Vermont","Northeast",9,"Direct",75,4.9,94,4,1,false,false,false,"https://a0.muscache.com/im/pictures/243f2967-c6a9-417c-b8bf-2b062f5227ed.jpg","https://www.hipcamp.com","Park your rig in a working Vermont apple orchard with 30-amp hookups and a water connection. Pick apples, meet the goats, and watch the fall foliage from your awning. Pure New England magic."
"Sonoran Desert RV Ranch","rv-ranch-arizona","Full hookups under saguaro skies","Tucson, Arizona","Arizona","Southwest",9,"Direct",85,4.92,178,6,1,true,true,false,"https://a0.muscache.com/im/pictures/640b457f-57c8-446e-acaf-0dca0296c63f.jpg","https://www.hipcamp.com","A private 5-acre desert ranch with full RV hookups (50-amp, water, sewer), surrounded by giant saguaro cacti. Campfire rings, a shared outdoor kitchen, and the darkest skies in the Southwest."
"Smoky Mountains Honeymoon Cabin — Dog Friendly","petfriendly-cabin-smokies","Private hot tub, dog-friendly, near the park","Sevierville, Tennessee","Tennessee","Southeast",7,"Airbnb",268,4.88,156,2,1,false,false,false,"https://a0.muscache.com/im/pictures/prohost-api/Hosting-914613589168123446/original/77672664-bd07-4969-93c4-5544ba68de4a.jpeg?im_w=720&width=720&quality=70&auto=webp","https://www.airbnb.com/rooms/914613589168123446","A newly renovated, pet-friendly cabin in Sevierville featuring a private hot tub, fully stocked kitchen, and close proximity to Great Smoky Mountains National Park. Dogs are welcome on this romantic mountain escape."
"Ecola Haven — Dog-Friendly Beachfront A-Frame","petfriendly-beachhouse-oregon","Paws on the Pacific, 2 blocks from downtown","Cannon Beach, Oregon","Oregon","West",8,"Airbnb",527,4.67,134,6,3,false,false,false,"https://a0.muscache.com/im/pictures/prohost-api/Hosting-16972614/original/f6d037e7-16bc-4f1a-b736-fa6f57f25db5.jpeg?im_w=720&width=720&quality=70&auto=webp","https://www.airbnb.com/rooms/16972614","A cozy and charming A-Frame just inches from the beach where the estuary meets the sea. Only 2 blocks from downtown Cannon Beach and Haystack Rock. Pet-friendly with a fee — bring your pup to the Pacific."
"Salty Dog Ranch in the Texas Hill Country","petfriendly-ranch-texas","Where up to 3 dogs can run free","Round Mountain, Texas","Texas","South",9,"Airbnb",238,4.97,198,4,2,false,false,false,"https://a0.muscache.com/im/pictures/hosting/Hosting-U3RheVN1cHBseUxpc3Rpbmc6NTIzODQ4OTI=/original/fc322907-002d-4706-af81-aa3d87c62c9f.jpeg?im_w=720&width=720&quality=70&auto=webp","https://www.airbnb.com/rooms/52384892","Immerse yourself in ranch life in the heart of the Texas Hill Country. This 1 bedroom + loft cabin welcomes up to 3 dogs in a safe fenced backyard. Peace, quiet, and big Texas skies."
"The Vermont Farmhouse | Hiking & Dog Trails","workfriendly-farmhouse-vermont","Restored 1860s farmhouse with modern luxury","Bennington, Vermont","Vermont","Northeast",5,"Airbnb",332,5,43,4,2,false,false,false,"https://a0.muscache.com/im/pictures/hosting/Hosting-U3RheVN1cHBseUxpc3Rpbmc6Nzk3MTIyMzI0MDczMjYyMTU1/original/21e06825-d934-4146-9b22-94fd1e31e8f3.jpeg?im_w=720&width=720&quality=70&auto=webp","https://www.airbnb.com/rooms/797122324073262155","Experience the magic of this restored 1860s Vermont farmhouse, where historic charm meets modern luxury. Hiking trails right from the door, a charming village nearby, and the quintessential New England countryside experience."
"Majestic Luxury Retreat with Stargazing Dome","workfriendly-dome-joshua-tree","Deep focus in the high desert with pool & dome","Joshua Tree, California","California","Southwest",2,"Airbnb",579,4.96,87,16,5,false,false,false,"https://a0.muscache.com/im/pictures/prohost-api/Hosting-1581916520786647988/original/45786bc4-d260-4c68-8a6f-af21e76c7127.jpeg?im_w=720&width=720&quality=70&auto=webp","https://www.airbnb.com/rooms/1581916520786647988","A majestic luxury retreat featuring a stargazing dome, luxury swimming pool and spa, mini golf, and a pool table. Fast-speed WiFi makes it ideal for remote work with an otherworldly desert backdrop."
"Sleepless in Seattle Floating Home","workfriendly-houseboat-seattle","Work from a Lake Union houseboat","Seattle, Washington","Washington","West",3,"VRBO",1556,4.95,48,6,3,false,true,false,"https://imgservice.casai.com/680x408/experience-your-sleeples-us-seattle-ha-321599242-0.jpg?property_id=HA-321599242","https://www.vrbo.com/599242","A rare ""Sleepless in Seattle"" floating home on Lake Union — totally remodeled, 1,000 sq ft, with stunning views of the Space Needle. Three bedrooms, two baths, and the ultimate Seattle waterfront work-from-home experience."
"Wellington Cottage | Modern Boho Work Retreat","nomad-cabin-asheville","Fiber WiFi, dedicated workspace, mountain air","Asheville, North Carolina","North Carolina","Southeast",7,"Airbnb",179,4.79,67,4,2,false,false,false,"https://a0.muscache.com/im/pictures/prohost-api/Hosting-649159981874701169/original/2d29767e-59d9-4697-af16-1176dbbab90b.jpeg?im_w=720&width=720&quality=70&auto=webp","https://www.airbnb.com/rooms/649159981874701169","A stylish retreat offering the perfect blend of modern comfort and remote-work convenience. Features a full kitchen and a dedicated workspace for digital nomads or creative professionals exploring the Blue Ridge Mountains."
"Exclusive Mountaindale Luxury Estate","castle-hudson-valley","A castle-inspired Hudson Valley estate on hundreds of acres","Mountain Dale, New York","New York","Northeast",10,"Airbnb",3736,4.98,24,20,10,false,true,false,"https://a0.muscache.com/im/pictures/hosting/Hosting-1505936882912955833/original/08ecb630-3682-4f1c-9eac-667fd248e16b.jpeg?im_w=720&width=720&quality=70&auto=webp","https://www.airbnb.com/rooms/1505936882912955833","A private Hudson Valley estate on hundreds of acres, featuring a castle-inspired main house with en suite bedrooms, a guest stone house, caretaker's cottage, pool, and miles of trails. The ultimate group retreat."
"Glamping Tent at Glacier National Park","glamping-montana","Peace and quiet in the Wild North Fork","Polebridge, Montana","Montana","West",9,"Airbnb",123,4.94,89,2,1,false,false,false,"https://a0.muscache.com/im/pictures/hosting/Hosting-U3RheVN1cHBseUxpc3Rpbmc6MjE3MDg1MDI%3D/original/c58850c2-7881-45f8-a4b0-c11c2e6a0234.jpeg?im_w=720&width=720&quality=70&auto=webp","https://www.airbnb.com/rooms/21708502","Escape to the peace and quiet of the North Fork, 10 minutes from the North Fork Park entry and 30 minutes to the Going-to-the-Sun Road. Comfortable outdoor living in the Wild and Scenic North Fork River Valley."
"Tiny Cabin in Hill Country on 1.5 Acre Mini-Farm","tiny-home-texas","As seen on HGTV — 288 sq ft of pure charm","Austin, Texas","Texas","South",8,"Airbnb",78,4.9,312,2,1,false,false,false,"https://a0.muscache.com/im/pictures/55e9e415-7770-4676-becb-b4fe2307737d.jpg?im_w=720&width=720&quality=70&auto=webp","https://www.airbnb.com/rooms/8668966","As seen on HGTV! ""My Tiny Cabin"" is a complete house in just 288 square feet, built as an experiment in simplification. Situated under oak trees on a 1.5-acre working neighborhood mini-farm in Austin."
"Osprey Treehouse — Columbia River Gorge","treehouse-oregon","Built around a 42-inch Douglas Fir","Stevenson, Washington","Washington","West",1,"Airbnb",519,4.94,156,2,1,false,true,false,"https://a0.muscache.com/im/pictures/ad85d477-6bfa-4153-8319-680ddd2bad3e.jpg?im_w=720&width=720&quality=70&auto=webp","https://www.airbnb.com/rooms/23005001","A 20-foot octagon treehouse built around a 42-inch old-growth Douglas Fir. Oversized windows and a sliding door give you the feeling of being suspended in the Pacific Northwest canopy. Sleeps 2 adults."
"Smoky Mountain Bubble Dome","dome-smoky-mountains-tn","Where forest meets the cosmos","Gatlinburg, Tennessee","Tennessee","Southeast",2,"Airbnb",265,4.89,176,2,1,false,false,false,"https://a0.muscache.com/im/pictures/968a2266-6c0d-4882-9b10-8d7fac70fe7f.jpg","https://www.airbnb.com/rooms/1576581331332648514","A transparent glamping dome nestled in the Smoky Mountains forest. Watch deer wander past your bed at dawn, then soak in the private hot tub under a canopy of fireflies at dusk."
"The Fox A-Frame | An Intimate Mountain Retreat","aframe-colorado","Creekside A-frame 5 minutes from Breckenridge","Breckenridge, Colorado","Colorado","West",7,"Airbnb",285,4.86,229,4,2,false,false,false,"https://a0.muscache.com/im/pictures/prohost-api/Hosting-33391907/original/3a452ff0-324a-4898-aa1d-e38279e08699.jpeg?im_w=720&width=720&quality=70&auto=webp","https://www.airbnb.com/rooms/33391907","A private, peaceful, creekside A-frame cabin — an idyllic retreat for exploring the Rocky Mountains of Colorado. Just 5 minutes from downtown Breckenridge with stunning mountain views and the sound of the creek to lull you to sleep."
"Hanksville Red Rock Cave Home","cave-sedona-az","A desert paradise built inside a cave","Hanksville, Utah","Utah","Southwest",6,"Airbnb",520,4.85,242,12,3,false,true,false,"https://a0.muscache.com/im/pictures/miso/Hosting-32183107/original/00a0b7b9-2b0b-4b36-b235-d5876d535f50.jpeg?im_w=720&width=720&quality=70&auto=webp","https://www.airbnb.com/rooms/32183107","This beautiful home was built right inside an incredible red rock cave in the 1980s by a local cowboy. Natural cave walls, a master bath with a tub surrounded by red rock, and breathtaking desert views. A true desert paradise near Capitol Reef National Park."
"Creekside Barn at Valhalla Farms","barn-tennessee","122 acres of rolling Tennessee hills","Woodbury, Tennessee","Tennessee","South",5,"Airbnb",375,5,143,6,3,false,false,false,"https://a0.muscache.com/im/pictures/hosting/Hosting-1308627550184145091/original/aeda4820-fc85-426b-8104-aaa1bc00197c.jpeg?im_w=720&width=720&quality=70&auto=webp","https://www.airbnb.com/rooms/1308627550184145091","A beautifully converted barn nestled in the rolling hills of middle Tennessee on 122 acres with horses and a babbling creek. Rustic charm meets modern amenities — spend your days exploring the farm and your evenings around the fire pit."
"Private Lighthouse at Waterfront Chauncey Creek","lighthouse-maine","Your own private beacon on the Maine coast","Kittery, Maine","Maine","Northeast",4,"Airbnb",495,5,64,10,5,false,true,false,"https://a0.muscache.com/im/pictures/hosting/Hosting-47225813/original/147ca0ed-0767-4560-836a-43d61bf26fdc.jpeg?im_w=720&width=720&quality=70&auto=webp","https://www.airbnb.com/rooms/47225813","A private lighthouse property on Chauncey Creek with a full dock, kayaks, and direct water access. Five bedrooms, stunning tidal views, and the quintessential Maine coastal experience. Perfect for family reunions or group retreats."
"Unique Tiny Houseboat with Harbor Views","tugboat-houseboat-me","A floating home on Portland Harbor","Portland, Maine","Maine","Northeast",3,"Airbnb",195,4.93,87,2,1,true,false,false,"https://a0.muscache.com/im/pictures/691fde7e-56c9-4857-badd-1bc5e742d9fa.jpg?im_w=720&width=720&quality=70&auto=webp","https://www.airbnb.com/rooms/50435143","A charming tiny houseboat moored in Portland Harbor with stunning views of the working waterfront. Fall asleep to the gentle rocking of the tide and wake to lobster boats heading out at dawn. A one-of-a-kind Maine experience."
"Stargazing Bliss in Dome with Sauna & Hot Tub","desert-dome-ut","Sleep under a billion stars near Zion","Glendale, Utah","Utah","West",2,"Airbnb",295,4.93,198,2,1,true,true,false,"https://a0.muscache.com/im/pictures/prohost-api/Hosting-1103637528159056350/original/bbf96e30-9cb1-4cd7-a7ba-663ac99833dd.jpeg?im_w=720&width=720&quality=70&auto=webp","https://www.airbnb.com/rooms/1103637528159056350","A brand-new geodesic dome nestled in the serene landscapes of Glendale, Utah. Panoramic views of the surrounding desert, a private sauna, and a hot tub under the stars. One of the darkest skies in the American Southwest."
"Redwood Treehouse Retreat Near Muir Woods","redwood-treehouse-ca","Suspended among ancient giants with a creek below","Mill Valley, California","California","West",1,"Airbnb",385,4.96,312,6,3,true,true,false,"https://a0.muscache.com/im/pictures/hosting/Hosting-U3RheVN1cHBseUxpc3Rpbmc6MTM2NDA2MDI3NzM3ODA5OTYxNA==/original/75d84473-a0a1-413f-a370-0d7081565e17.jpeg?im_w=720&width=720&quality=70&auto=webp","https://www.airbnb.com/rooms/1364060277378099614","A high-design sanctuary suspended in a grove of ancient redwoods just minutes from Muir Woods. Soaring wood beams, expansive windows, and forest views in every direction. Wake to birdsong and fall asleep to the sound of a bubbling creek."
"Point Robinson Lighthouse — Keeper's Quarters","point-robinson-lighthouse-wa","Historic keeper's quarters on Vashon Island","Vashon Island, Washington","Washington","West",4,"VRBO",275,4.92,44,4,2,false,false,false,"https://media.vrbo.com/lodging/100000000/99250000/99244600/99244577/804b44f0.jpg","https://www.vrbo.com/569944","A restored lighthouse keeper's quarters on Vashon Island — accessible only by ferry. Restored to capture the historic character of the original building. Stunning Puget Sound views and whale watching opportunities."
"The Big Buffalo — 1894 Historic Hotel","big-buffalo-hotel-wy","Old West character in downtown Buffalo, Wyoming","Buffalo, Wyoming","Wyoming","West",10,"VRBO",395,4.96,7,14,4,false,false,true,"https://media.vrbo.com/lodging/64000000/63490000/63488900/63488895/1ffb2c84.jpg","https://www.vrbo.com/2178821","Originally 15 rooms of the historic Capitol Hotel (1894), now three connected apartments on Main Street in Buffalo, WY. Old West character throughout — original water closet, back staircase built for ""Ladies of the Night."" Pool on premises."
"Historic DC Firehouse Penthouse Loft","dc-firehouse-penthouse","First African American fire company, built 1884 — as seen on Netflix","Washington, DC","District of Columbia","Northeast",5,"VRBO",650,4.84,33,14,5,false,true,false,"https://media.vrbo.com/lodging/50000000/49160000/49150800/49150751/e60f50b1.jpg","https://www.vrbo.com/9420794ha","Built in 1884 as the first fully African American fire company in Washington DC. Renovated by a world-famous interior designer. 5 bedrooms, 4 bathrooms, ~3,000 sq ft. As seen on Netflix Stay Here Season 1."
"The Green Mountain Chapel","green-mountain-chapel-vt","Old church repositioned into 3BR with stained glass","South Londonderry, Vermont","Vermont","Northeast",5,"VRBO",325,4.95,21,6,3,false,true,false,"https://media.vrbo.com/lodging/107000000/106040000/106036100/106036013/458711f0.jpg","https://www.vrbo.com/4050172","A 19th-century church repositioned into a 3-bedroom home. Vaulted ceilings, original stained glass windows, and brand new finishes throughout. 5 minutes from Magic Mountain, 20 minutes from Okemo and Stratton."
"Pelican Bay Lighthouse","pelican-bay-lighthouse-or","A privately owned, working lighthouse on the Oregon Coast","Brookings, Oregon","Oregon","West",4,"VRBO",395,4.97,18,8,3,true,true,false,"https://media.vrbo.com/lodging/100000000/99250000/99244600/99244577/a16a3016.jpg","https://www.vrbo.com/3624099","A privately owned, working lighthouse perched over Brookings, OR with captivating Pacific Ocean views. The Keeper's Suite is lofted on the upper floor. A legacy family home brimming with warmth and coastal charm."
"Hobbit House on Cedar Bluff","hobbit-house-fayetteville-ar","Underground geodesic dome with lake views","Fayetteville, Arkansas","Arkansas","South",6,"Airbnb",250,5,87,8,4,false,false,true,"https://ak-d.tripcdn.com/images/0224p12000rwja94i627C_R_960_660_R5_D.jpg","https://www.airbnb.com/united-states/stays/caves","A 4-bedroom underground geodesic dome with a 4-foot tower topped with a clear dome for natural sunlight. Copper sink, open living room, and lake views on 3 acres. The most whimsical family stay in Arkansas."
"Hanksville Red Rock Cave Home","hanksville-cave-home-ut","Blasted into the cliff by a Utah cowboy in the 1980s","Hanksville, Utah","Utah","Southwest",6,"Airbnb",225,4.85,242,4,2,false,true,false,"https://a0.muscache.com/im/pictures/miso/Hosting-1375620682129066719/original/19193f39-76cf-4f72-be77-de9bb98f993d.jpeg","https://www.airbnb.com/united-states/stays/caves","Built in the 1980s by local cowboy A.C. Ekker — literally blasted into the red rock cliff. Recently remodeled with modern comforts. A true desert cave experience near Capitol Reef National Park."
"Private Sage Canyon Cliff House","sage-canyon-cliff-house-co","Built into red rock near Mesa Verde","Cortez, Colorado","Colorado","Southwest",6,"Airbnb",250,4.98,372,4,2,true,true,false,"https://a0.muscache.com/im/pictures/1fc28506-d659-4588-a787-4dd290a7c230.jpg","https://www.airbnb.com/united-states/stays/caves","Built right into a red rock cliff wall in a private canyon alcove in McElmo Canyon. 40 minutes from Mesa Verde National Park, 20 minutes from Cortez. Sweeping canyon views and a truly unique Southwest experience."
"HouseBoat + Sauna + Fire Pit","houseboat-sauna-ca","Sacramento Delta waterway experience","Oakley, California","California","West",3,"Airbnb",275,4.94,405,6,3,false,false,false,"https://a0.muscache.com/im/pictures/hosting/Hosting-1038506517320133345/original/ddf34cc2-72d3-4a79-b671-625ce3619de4.jpeg","https://www.airbnb.com/united-states/stays/houseboats","A houseboat with a private sauna and fire pit on the Sacramento Delta waterways. Explore miles of channels by kayak, then sauna and stargaze by the fire. Great for groups."
"Stylish Houseboat — Mill Valley","houseboat-mill-valley-ca","Floating home in the iconic Sausalito community","Mill Valley, California","California","West",3,"Airbnb",395,4.99,150,2,1,false,true,false,"https://a0.muscache.com/im/pictures/miso/Hosting-50129710/original/cd65b470-62d5-41a4-9ef7-3dfc12682459.jpeg","https://www.airbnb.com/united-states/stays/houseboats","A stylish floating home in the iconic Sausalito/Mill Valley houseboat community. Minutes from San Francisco by ferry. Stunning bay views and the unique experience of living in one of America's most famous floating neighborhoods."
"Renovated Tugboat on Private Lake","tugboat-private-lake-va","Farm animals, fishing, swimming on 142 acres","Louisa, Virginia","Virginia","Southeast",3,"Airbnb",225,4.98,320,4,2,true,true,false,"https://a0.muscache.com/im/pictures/miso/Hosting-865152819056053991/original/1d512dfa-7f3b-41ac-a2f6-e7ba7ef2946b.jpeg","https://www.airbnb.com/united-states/stays/houseboats","A renovated tugboat floating on a private 8-acre lake with an island, on 142 wooded acres with 5+ miles of hiking trails. Meet Theo the Cow, sheep, goats, and ducks. Kayaks, SUP boards, and fishing gear included."
"Modern Dome in Shawnee Forest","shawnee-forest-dome-il","Fiber internet, 6-person hot tub, tall pines","Stonefort, Illinois","Illinois","Midwest",2,"Airbnb",250,4.99,126,4,2,false,false,false,"https://a0.muscache.com/im/pictures/miso/Hosting-51907380/original/fb35a1a9-0f60-4016-b382-3a498e5d1468.jpeg","https://www.airbnb.com/united-states/stays/domes","Nestled deep in Shawnee National Forest among tall pines. A 6-person hot tub, 500 Mbps fiber internet, outdoor TV, fire pit table, and rainfall shower. The most complete dome experience in the Midwest."
"Geodesic Dome on 22 Acre Forest","geodesic-dome-22acres-ga","Outdoor shower, soaking tub, vineyard nearby","Sautee Nacoochee, Georgia","Georgia","Southeast",2,"Airbnb",210,5,241,2,1,false,false,false,"https://a0.muscache.com/im/pictures/hosting/Hosting-672259478206366300/original/c95786be-5afc-4e2b-9edf-e36defdf1def.jpeg","https://www.airbnb.com/united-states/stays/domes","Escape to 22 forested acres near Helen, Georgia. An outdoor shower and soaking tub, hiking access, and a vineyard nearby. Set in the vibrant arts district of historic Sautee Nacoochee Valley."
"Fox Wood Dome — Cedar Hot Tub","fox-wood-dome-ar","Magazine cover-worthy Ozark dome","Eureka Springs, Arkansas","Arkansas","South",2,"Airbnb",225,4.95,370,2,1,false,true,false,"https://a0.muscache.com/im/pictures/76fc4691-777c-4f59-86bd-f3d8beca48f0.jpg","https://www.airbnb.com/united-states/stays/domes","As seen on the cover of 417 Magazine. A 100% climate-controlled dome with an outdoor cedar soaking tub, hammock, and rolling Ozark forest views. 15 minutes to the charming Victorian town of Eureka Springs."
"SkyDome Hideaway","skydome-hideaway-tx","First luxury dome in DFW","Gainesville, Texas","Texas","South",2,"Airbnb",275,4.98,429,2,1,false,true,false,"https://a0.muscache.com/im/pictures/624c8ac3-8645-4348-8058-d2ec2e4a92a6.jpg","https://www.airbnb.com/united-states/stays/domes","The first luxury geodesic dome in the Dallas-Fort Worth area. Nestled on a hill among oak trees with a hot tub and outdoor shower. Perfect for couples and honeymooners within an hour of DFW."
"Romantic Mountain Escape Dome","romantic-mountain-dome-nc","Skylight stargazing in the Smoky Mountains","Sylva, North Carolina","North Carolina","Southeast",2,"Airbnb",225,4.99,236,2,1,true,true,false,"https://a0.muscache.com/im/pictures/miso/Hosting-648913477943796142/original/f06997e4-bd78-4392-9a23-fadc951f4b83.jpeg","https://www.airbnb.com/united-states/stays/domes","A skylight dome in the Smoky Mountains where you stargaze from bed. Creek sounds below, mountain views above, and a private hot tub outside. Minutes from downtown Sylva and Harrah's Cherokee Casino."
"The Copper Fox Treehouse","copper-fox-treehouse-vt","Luxury in the Green Mountains","Pownal, Vermont","Vermont","Northeast",1,"Airbnb",275,4.99,167,2,1,false,false,false,"https://a0.muscache.com/im/pictures/miso/Hosting-764656808561517809/original/8c6045a5-ec15-4701-866e-c0958eeb7860.jpeg","https://www.airbnb.com/rooms/1025206498994795956","A beautifully crafted treehouse in the Green Mountains of Vermont with stunning fall foliage views and high-end finishes throughout. The most romantic treehouse in New England."
"Stargazing Planetarium Treehouse","planetarium-treehouse-ar","Airbnb OMG! Fund winner with Beaver Lake views","Springdale, Arkansas","Arkansas","South",1,"Airbnb",255,4.94,138,2,1,false,true,true,"https://a0.muscache.com/im/pictures/miso/Hosting-53142853/original/006898e6-9dfa-4eb3-aa1b-50343ac4b70e.jpeg","https://www.airbnb.com/rooms/648913477943796142","One of 100 winners of the worldwide Airbnb OMG! Fund contest. A planetarium-themed treehouse overlooking Beaver Lake near Bentonville, Arkansas — with a stargazing experience literally built into the design."
"Treehouse at Bliss Ridge Farm","bliss-ridge-farm-treehouse-vt","Best views in Vermont from a working farm","Moretown, Vermont","Vermont","Northeast",1,"Airbnb",210,4.97,178,2,1,false,false,false,"https://a0.muscache.com/im/pictures/miso/Hosting-31202365/original/bed11433-68e5-45bb-8ad6-112783ee5297.jpeg","https://www.airbnb.com/rooms/44915530","Perched on a working Vermont farm with sweeping mountain and valley views. A truly one-of-a-kind New England experience — wake up to roosters, farm animals, and the most spectacular Green Mountain scenery."
"Bide In The Trees — Luxury Skydeck Treehouse","bide-in-trees-skydeck-ga","Perched 20 feet up with a private skydeck","Box Springs, Georgia","Georgia","Southeast",1,"Airbnb",315,4.99,313,2,1,false,true,false,"https://a0.muscache.com/im/pictures/hosting/Hosting-U3RheVN1cHBseUxpc3Rpbmc6NzU3NDMyNTM0OTYzNDMyODI5/original/0930495e-b759-4c51-939a-231f237c8951.jpeg","https://www.airbnb.com/rooms/757432534963432829","Perched over 20 feet in the air with a private skydeck for stargazing. Luxury amenities throughout this Georgia treehouse — one of the most beautifully crafted in the Southeast."
"BaseCamp TreeLoft","basecamp-treeloft-mo","Cozy seclusion with a private hot tub","Perryville, Missouri","Missouri","Midwest",1,"Airbnb",245,5,692,2,1,true,true,false,"https://a0.muscache.com/im/pictures/miso/Hosting-46593007/original/4a1f1154-ec4f-42a9-a8ae-75c4b257d37a.jpeg","https://www.airbnb.com/rooms/44119404","The first of two treehouses at BaseCamp — designed for cozy seclusion, romance, and rest. Nestled in the Missouri woods with a private hot tub and string lights. One of the highest-rated treehouses in the Midwest."
"Wander Bend Retreat","wander-bend-retreat","Cascade Mountain panoramas, ski access","Bend, Oregon","Oregon","West",7,"Wander",555,4.96,134,8,4,true,false,false,"https://assets.wander.com/593144917316862060/2440.webp","https://www.wander.com/property/wander-bend-retreat","Panoramic views of the Cascade Mountains from every window. This Wander property in Bend has a private hot tub, smart home tech, and Starlink WiFi. Mt. Bachelor ski resort is 30 minutes away."
"Wander Folly Beach","wander-folly-beach","Direct beach access near Charleston","Folly Beach, South Carolina","South Carolina","Southeast",10,"Wander",545,4.93,167,8,4,false,false,false,"https://assets.wander.com/611077836022743531/2440.webp","https://www.wander.com/property/wander-folly-beach","Every room faces the Atlantic at this Wander property on Folly Beach. Direct beach access, smart home technology, and Starlink WiFi. Charleston's world-class dining and history are 30 minutes away."
"Wander Broken Bow Trails","wander-broken-bow-trails","Deep in the Ouachita National Forest","Broken Bow, Oklahoma","Oklahoma","South",7,"Wander",475,4.94,203,8,4,false,false,false,"https://assets.wander.com/622460359587925132/1200.webp","https://www.wander.com/property/wander-broken-bow-trails","Deep in the Ouachita National Forest, this Wander property has hiking trails starting from the back door, a private hot tub, and a fire pit under the darkest skies in Oklahoma. Starlink WiFi keeps you connected."
"Wander Friday Harbor","wander-friday-harbor","Island escape accessible by ferry or floatplane","Friday Harbor, San Juan Island, Washington","Washington","West",10,"Wander",625,4.95,97,6,3,false,true,false,"https://assets.wander.com/579358946469348295/2440.webp","https://www.wander.com/property/wander-friday-harbor","San Juan Island is accessible only by ferry or floatplane — and this Wander property sits at the heart of it. Watch orca whales from the deck, explore the island by bike, and work remotely with Starlink WiFi."
"Wander Arch Cape Forest","wander-arch-cape-forest","Old-growth forest meets Pacific coast","Arch Cape, Oregon","Oregon","West",7,"Wander",595,4.96,118,8,4,true,true,false,"https://assets.wander.com/631600299819139225/1200.webp","https://www.wander.com/property/wander-arch-cape-forest","Nestled in an ancient old-growth forest on the Oregon Coast, this Wander property offers ocean views, a private hot tub, and Starlink internet. Walk directly to the beach through towering Sitka spruce trees."
"Wander Joshua Tree Starfall","wander-joshua-tree-starfall","Desert luxury under a billion stars","Joshua Tree, California","California","Southwest",2,"Wander",525,4.97,142,6,3,true,true,false,"https://assets.wander.com/621763953134930514/1200.webp","https://www.wander.com/property/wander-joshua-tree-starfall","Floor-to-ceiling glass walls face the open Mojave desert at Joshua Tree National Park. A stargazing deck, heated pool, and Starlink WiFi make this Wander property the ultimate desert escape. The park entrance is minutes away."
